branch,buildId,changeset,changeset_link,clog_link,link,product,releaseType,version
cart-20fq3,14097818,7247822,http://p4web.eng.vmware.com/@md=d&cd=//&c=UXC@/7247822?ac=10,https://buildweb.eng.vmware.com/changelog/14097818,https://buildweb.eng.vmware.com/ob/build/14097818/,hcwin,GA,5.1.0
cart-20fq3,14097817,7247822,http://p4web.eng.vmware.com/@md=d&cd=//&c=UXC@/7247822?ac=10,https://buildweb.eng.vmware.com/changelog/14097817,https://buildweb.eng.vmware.com/ob/build/14097817/,hcwin,beta,5.1.0
cart-20fq3,14095113,7247636,http://p4web.eng.vmware.com/@md=d&cd=//&c=UXC@/7247636?ac=10,https://buildweb.eng.vmware.com/changelog/14095113,https://buildweb.eng.vmware.com/ob/build/14095113/,hcwin,beta,5.1.0
cart-20fq3,14095110,7247636,http://p4web.eng.vmware.com/@md=d&cd=//&c=UXC@/7247636?ac=10,https://buildweb.eng.vmware.com/changelog/14095110,https://buildweb.eng.vmware.com/ob/build/14095110/,hcwin,beta,5.1.0
cart-20fq3,14088665,7245177,http://p4web.eng.vmware.com/@md=d&cd=//&c=UXC@/7245177?ac=10,https://buildweb.eng.vmware.com/changelog/14088665,https://buildweb.eng.vmware.com/ob/build/14088665/,hcwin,beta,5.1.0
cart-20fq3,14095148,7247641,http://p4web.eng.vmware.com/@md=d&cd=//&c=UXC@/7247641?ac=10,https://buildweb.eng.vmware.com/changelog/14095148,https://buildweb.eng.vmware.com/ob/build/14095148/,hcwin,GA,5.1.0
cart-20fq3,14092293,7246711,http://p4web.eng.vmware.com/@md=d&cd=//&c=UXC@/7246711?ac=10,https://buildweb.eng.vmware.com/changelog/14092293,https://buildweb.eng.vmware.com/ob/build/14092293/,hcwin,beta,5.1.0
cart-20fq3,14092304,7246711,http://p4web.eng.vmware.com/@md=d&cd=//&c=UXC@/7246711?ac=10,https://buildweb.eng.vmware.com/changelog/14092304,https://buildweb.eng.vmware.com/ob/build/14092304/,hcwin,GA,5.1.0
cart-20fq3,14092299,7246711,http://p4web.eng.vmware.com/@md=d&cd=//&c=UXC@/7246711?ac=10,https://buildweb.eng.vmware.com/changelog/14092299,https://buildweb.eng.vmware.com/ob/build/14092299/,hcwin,beta,5.1.0
cart-20fq3,14088622,7245177,http://p4web.eng.vmware.com/@md=d&cd=//&c=UXC@/7245177?ac=10,https://buildweb.eng.vmware.com/changelog/14088622,https://buildweb.eng.vmware.com/ob/build/14088622/,hcwin,beta,5.1.0
cart-20fq3,14088634,7245177,http://p4web.eng.vmware.com/@md=d&cd=//&c=UXC@/7245177?ac=10,https://buildweb.eng.vmware.com/changelog/14088634,https://buildweb.eng.vmware.com/ob/build/14088634/,hcwin,GA,5.1.0
cart-20fq3,14085525,7244331,http://p4web.eng.vmware.com/@md=d&cd=//&c=UXC@/7244331?ac=10,https://buildweb.eng.vmware.com/changelog/14085525,https://buildweb.eng.vmware.com/ob/build/14085525/,hcwin,beta,5.1.0
cart-20fq3,14085520,7244331,http://p4web.eng.vmware.com/@md=d&cd=//&c=UXC@/7244331?ac=10,https://buildweb.eng.vmware.com/changelog/14085520,https://buildweb.eng.vmware.com/ob/build/14085520/,hcwin,GA,5.1.0
cart-20fq3,14085513,7244331,http://p4web.eng.vmware.com/@md=d&cd=//&c=UXC@/7244331?ac=10,https://buildweb.eng.vmware.com/changelog/14085513,https://buildweb.eng.vmware.com/ob/build/14085513/,hcwin,beta,5.1.0
cart-20fq3,14081623,7242655,http://p4web.eng.vmware.com/@md=d&cd=//&c=UXC@/7242655?ac=10,https://buildweb.eng.vmware.com/changelog/14081623,https://buildweb.eng.vmware.com/ob/build/14081623/,hcwin,beta,5.1.0
cart-20fq3,14544655,7393186,http://p4web.eng.vmware.com/@md=d&cd=//&c=UXC@/7393186?ac=10,https://buildweb.eng.vmware.com/changelog/14544655,https://buildweb.eng.vmware.com/ob/build/14544655/,hcwin,beta,5.2.0
cart-20fq3,14081631,7242655,http://p4web.eng.vmware.com/@md=d&cd=//&c=UXC@/7242655?ac=10,https://buildweb.eng.vmware.com/changelog/14081631,https://buildweb.eng.vmware.com/ob/build/14081631/,hcwin,GA,5.1.0
cart-20fq3,14544648,7393186,http://p4web.eng.vmware.com/@md=d&cd=//&c=UXC@/7393186?ac=10,https://buildweb.eng.vmware.com/changelog/14544648,https://buildweb.eng.vmware.com/ob/build/14544648/,hcwin,GA,5.2.0
cart-20fq3,14544643,7393186,http://p4web.eng.vmware.com/@md=d&cd=//&c=UXC@/7393186?ac=10,https://buildweb.eng.vmware.com/changelog/14544643,https://buildweb.eng.vmware.com/ob/build/14544643/,hcwin,beta,5.2.0
cart-20fq3,14541823,7392889,http://p4web.eng.vmware.com/@md=d&cd=//&c=UXC@/7392889?ac=10,https://buildweb.eng.vmware.com/changelog/14541823,https://buildweb.eng.vmware.com/ob/build/14541823/,hcwin,beta,5.2.0
cart-20fq3,14541816,7392889,http://p4web.eng.vmware.com/@md=d&cd=//&c=UXC@/7392889?ac=10,https://buildweb.eng.vmware.com/changelog/14541816,https://buildweb.eng.vmware.com/ob/build/14541816/,hcwin,beta,5.2.0
cart-20fq3,14541801,7392889,http://p4web.eng.vmware.com/@md=d&cd=//&c=UXC@/7392889?ac=10,https://buildweb.eng.vmware.com/changelog/14541801,https://buildweb.eng.vmware.com/ob/build/14541801/,hcwin,GA,5.2.0
cart-20fq3,14537188,7391827,http://p4web.eng.vmware.com/@md=d&cd=//&c=UXC@/7391827?ac=10,https://buildweb.eng.vmware.com/changelog/14537188,https://buildweb.eng.vmware.com/ob/build/14537188/,hcwin,GA,5.2.0
cart-20fq3,14537207,7391884,http://p4web.eng.vmware.com/@md=d&cd=//&c=UXC@/7391884?ac=10,https://buildweb.eng.vmware.com/changelog/14537207,https://buildweb.eng.vmware.com/ob/build/14537207/,hcwin,beta,5.2.0
cart-20fq3,14537189,7391827,http://p4web.eng.vmware.com/@md=d&cd=//&c=UXC@/7391827?ac=10,https://buildweb.eng.vmware.com/changelog/14537189,https://buildweb.eng.vmware.com/ob/build/14537189/,hcwin,beta,5.2.0
cart-20fq3,14531980,7390120,http://p4web.eng.vmware.com/@md=d&cd=//&c=UXC@/7390120?ac=10,https://buildweb.eng.vmware.com/changelog/14531980,https://buildweb.eng.vmware.com/ob/build/14531980/,hcwin,GA,5.2.0
cart-20fq3,14531964,7390120,http://p4web.eng.vmware.com/@md=d&cd=//&c=UXC@/7390120?ac=10,https://buildweb.eng.vmware.com/changelog/14531964,https://buildweb.eng.vmware.com/ob/build/14531964/,hcwin,beta,5.2.0
cart-20fq3,14533720,7390701,http://p4web.eng.vmware.com/@md=d&cd=//&c=UXC@/7390701?ac=10,https://buildweb.eng.vmware.com/changelog/14533720,https://buildweb.eng.vmware.com/ob/build/14533720/,hcwin,GA,5.2.0
cart-20fq3,14531954,7390120,http://p4web.eng.vmware.com/@md=d&cd=//&c=UXC@/7390120?ac=10,https://buildweb.eng.vmware.com/changelog/14531954,https://buildweb.eng.vmware.com/ob/build/14531954/,hcwin,beta,5.2.0
cart-20fq3,14531328,7389902,http://p4web.eng.vmware.com/@md=d&cd=//&c=UXC@/7389902?ac=10,https://buildweb.eng.vmware.com/changelog/14531328,https://buildweb.eng.vmware.com/ob/build/14531328/,hcwin,GA,5.2.0
cart-20fq3,14531327,7389902,http://p4web.eng.vmware.com/@md=d&cd=//&c=UXC@/7389902?ac=10,https://buildweb.eng.vmware.com/changelog/14531327,https://buildweb.eng.vmware.com/ob/build/14531327/,hcwin,beta,5.2.0
cart-20fq3,14531326,7389902,http://p4web.eng.vmware.com/@md=d&cd=//&c=UXC@/7389902?ac=10,https://buildweb.eng.vmware.com/changelog/14531326,https://buildweb.eng.vmware.com/ob/build/14531326/,hcwin,beta,5.2.0
cart-20fq3,14527856,7388657,http://p4web.eng.vmware.com/@md=d&cd=//&c=UXC@/7388657?ac=10,https://buildweb.eng.vmware.com/changelog/14527856,https://buildweb.eng.vmware.com/ob/build/14527856/,hcwin,beta,5.2.0
cart-20fq3,14527844,7388657,http://p4web.eng.vmware.com/@md=d&cd=//&c=UXC@/7388657?ac=10,https://buildweb.eng.vmware.com/changelog/14527844,https://buildweb.eng.vmware.com/ob/build/14527844/,hcwin,beta,5.2.0
cart-20fq3,14527855,7388657,http://p4web.eng.vmware.com/@md=d&cd=//&c=UXC@/7388657?ac=10,https://buildweb.eng.vmware.com/changelog/14527855,https://buildweb.eng.vmware.com/ob/build/14527855/,hcwin,GA,5.2.0
cart-20fq3,14524038,7387271,http://p4web.eng.vmware.com/@md=d&cd=//&c=UXC@/7387271?ac=10,https://buildweb.eng.vmware.com/changelog/14524038,https://buildweb.eng.vmware.com/ob/build/14524038/,hcwin,GA,5.2.0
cart-20fq3,14523990,7387153,http://p4web.eng.vmware.com/@md=d&cd=//&c=UXC@/7387153?ac=10,https://buildweb.eng.vmware.com/changelog/14523990,https://buildweb.eng.vmware.com/ob/build/14523990/,hcwin,GA,5.2.0
cart-20fq3,14523988,7387153,http://p4web.eng.vmware.com/@md=d&cd=//&c=UXC@/7387153?ac=10,https://buildweb.eng.vmware.com/changelog/14523988,https://buildweb.eng.vmware.com/ob/build/14523988/,hcwin,beta,5.2.0
cart-20fq3,14523989,7387153,http://p4web.eng.vmware.com/@md=d&cd=//&c=UXC@/7387153?ac=10,https://buildweb.eng.vmware.com/changelog/14523989,https://buildweb.eng.vmware.com/ob/build/14523989/,hcwin,beta,5.2.0
cart-20fq3,14522803,7386840,http://p4web.eng.vmware.com/@md=d&cd=//&c=UXC@/7386840?ac=10,https://buildweb.eng.vmware.com/changelog/14522803,https://buildweb.eng.vmware.com/ob/build/14522803/,hcwin,beta,5.2.0
cart-20fq3,14522770,7386840,http://p4web.eng.vmware.com/@md=d&cd=//&c=UXC@/7386840?ac=10,https://buildweb.eng.vmware.com/changelog/14522770,https://buildweb.eng.vmware.com/ob/build/14522770/,hcwin,beta,5.2.0
cart-20fq3,14522767,7386840,http://p4web.eng.vmware.com/@md=d&cd=//&c=UXC@/7386840?ac=10,https://buildweb.eng.vmware.com/changelog/14522767,https://buildweb.eng.vmware.com/ob/build/14522767/,hcwin,GA,5.2.0
cart-20fq3,14518152,7385411,http://p4web.eng.vmware.com/@md=d&cd=//&c=UXC@/7385411?ac=10,https://buildweb.eng.vmware.com/changelog/14518152,https://buildweb.eng.vmware.com/ob/build/14518152/,hcwin,beta,5.2.0
cart-20fq3,14518149,7385411,http://p4web.eng.vmware.com/@md=d&cd=//&c=UXC@/7385411?ac=10,https://buildweb.eng.vmware.com/changelog/14518149,https://buildweb.eng.vmware.com/ob/build/14518149/,hcwin,GA,5.2.0
cart-20fq3,14518143,7385411,http://p4web.eng.vmware.com/@md=d&cd=//&c=UXC@/7385411?ac=10,https://buildweb.eng.vmware.com/changelog/14518143,https://buildweb.eng.vmware.com/ob/build/14518143/,hcwin,beta,5.2.0
cart-20fq3,14517805,7385221,http://p4web.eng.vmware.com/@md=d&cd=//&c=UXC@/7385221?ac=10,https://buildweb.eng.vmware.com/changelog/14517805,https://buildweb.eng.vmware.com/ob/build/14517805/,hcwin,beta,5.2.0
cart-20fq3,14517804,7385221,http://p4web.eng.vmware.com/@md=d&cd=//&c=UXC@/7385221?ac=10,https://buildweb.eng.vmware.com/changelog/14517804,https://buildweb.eng.vmware.com/ob/build/14517804/,hcwin,beta,5.2.0
cart-20fq3,14517806,7385221,http://p4web.eng.vmware.com/@md=d&cd=//&c=UXC@/7385221?ac=10,https://buildweb.eng.vmware.com/changelog/14517806,https://buildweb.eng.vmware.com/ob/build/14517806/,hcwin,GA,5.2.0
cart-20fq3,14515299,7384432,http://p4web.eng.vmware.com/@md=d&cd=//&c=UXC@/7384432?ac=10,https://buildweb.eng.vmware.com/changelog/14515299,https://buildweb.eng.vmware.com/ob/build/14515299/,hcwin,beta,5.2.0
cart-20fq3,14515259,7384432,http://p4web.eng.vmware.com/@md=d&cd=//&c=UXC@/7384432?ac=10,https://buildweb.eng.vmware.com/changelog/14515259,https://buildweb.eng.vmware.com/ob/build/14515259/,hcwin,GA,5.2.0
cart-20fq3,14513222,7383892,http://p4web.eng.vmware.com/@md=d&cd=//&c=UXC@/7383892?ac=10,https://buildweb.eng.vmware.com/changelog/14513222,https://buildweb.eng.vmware.com/ob/build/14513222/,hcwin,beta,5.2.0
cart-20fq3,14513209,7383892,http://p4web.eng.vmware.com/@md=d&cd=//&c=UXC@/7383892?ac=10,https://buildweb.eng.vmware.com/changelog/14513209,https://buildweb.eng.vmware.com/ob/build/14513209/,hcwin,beta,5.2.0
cart-20fq3,14513206,7383892,http://p4web.eng.vmware.com/@md=d&cd=//&c=UXC@/7383892?ac=10,https://buildweb.eng.vmware.com/changelog/14513206,https://buildweb.eng.vmware.com/ob/build/14513206/,hcwin,GA,5.2.0
cart-20fq3,14510958,7383568,http://p4web.eng.vmware.com/@md=d&cd=//&c=UXC@/7383568?ac=10,https://buildweb.eng.vmware.com/changelog/14510958,https://buildweb.eng.vmware.com/ob/build/14510958/,hcwin,beta,5.2.0
cart-20fq3,14508421,7382558,http://p4web.eng.vmware.com/@md=d&cd=//&c=UXC@/7382558?ac=10,https://buildweb.eng.vmware.com/changelog/14508421,https://buildweb.eng.vmware.com/ob/build/14508421/,hcwin,beta,5.2.0
cart-20fq3,14508422,7382558,http://p4web.eng.vmware.com/@md=d&cd=//&c=UXC@/7382558?ac=10,https://buildweb.eng.vmware.com/changelog/14508422,https://buildweb.eng.vmware.com/ob/build/14508422/,hcwin,GA,5.2.0
cart-20fq3,14508410,7382558,http://p4web.eng.vmware.com/@md=d&cd=//&c=UXC@/7382558?ac=10,https://buildweb.eng.vmware.com/changelog/14508410,https://buildweb.eng.vmware.com/ob/build/14508410/,hcwin,beta,5.2.0
cart-20fq3,14506231,7381747,http://p4web.eng.vmware.com/@md=d&cd=//&c=UXC@/7381747?ac=10,https://buildweb.eng.vmware.com/changelog/14506231,https://buildweb.eng.vmware.com/ob/build/14506231/,hcwin,beta,5.2.0
cart-20fq3,14499706,7379388,http://p4web.eng.vmware.com/@md=d&cd=//&c=UXC@/7379388?ac=10,https://buildweb.eng.vmware.com/changelog/14499706,https://buildweb.eng.vmware.com/ob/build/14499706/,hcwin,GA,5.2.0
cart-20fq3,14505806,7381436,http://p4web.eng.vmware.com/@md=d&cd=//&c=UXC@/7381436?ac=10,https://buildweb.eng.vmware.com/changelog/14505806,https://buildweb.eng.vmware.com/ob/build/14505806/,hcwin,beta,5.2.0
cart-20fq3,14499692,7379388,http://p4web.eng.vmware.com/@md=d&cd=//&c=UXC@/7379388?ac=10,https://buildweb.eng.vmware.com/changelog/14499692,https://buildweb.eng.vmware.com/ob/build/14499692/,hcwin,beta,5.2.0
cart-20fq3,14499690,7379388,http://p4web.eng.vmware.com/@md=d&cd=//&c=UXC@/7379388?ac=10,https://buildweb.eng.vmware.com/changelog/14499690,https://buildweb.eng.vmware.com/ob/build/14499690/,hcwin,beta,5.2.0
cart-20fq3,14496753,7378034,http://p4web.eng.vmware.com/@md=d&cd=//&c=UXC@/7378034?ac=10,https://buildweb.eng.vmware.com/changelog/14496753,https://buildweb.eng.vmware.com/ob/build/14496753/,hcwin,GA,5.2.0
cart-20fq3,14496728,7378034,http://p4web.eng.vmware.com/@md=d&cd=//&c=UXC@/7378034?ac=10,https://buildweb.eng.vmware.com/changelog/14496728,https://buildweb.eng.vmware.com/ob/build/14496728/,hcwin,beta,5.2.0
cart-20fq3,14496723,7378034,http://p4web.eng.vmware.com/@md=d&cd=//&c=UXC@/7378034?ac=10,https://buildweb.eng.vmware.com/changelog/14496723,https://buildweb.eng.vmware.com/ob/build/14496723/,hcwin,beta,5.2.0
cart-20fq3,14492593,7377609,http://p4web.eng.vmware.com/@md=d&cd=//&c=UXC@/7377609?ac=10,https://buildweb.eng.vmware.com/changelog/14492593,https://buildweb.eng.vmware.com/ob/build/14492593/,hcwin,beta,5.2.0
cart-20fq3,14492602,7377609,http://p4web.eng.vmware.com/@md=d&cd=//&c=UXC@/7377609?ac=10,https://buildweb.eng.vmware.com/changelog/14492602,https://buildweb.eng.vmware.com/ob/build/14492602/,hcwin,beta,5.2.0
cart-20fq3,14492585,7377609,http://p4web.eng.vmware.com/@md=d&cd=//&c=UXC@/7377609?ac=10,https://buildweb.eng.vmware.com/changelog/14492585,https://buildweb.eng.vmware.com/ob/build/14492585/,hcwin,GA,5.2.0
cart-20fq3,14489719,7377155,http://p4web.eng.vmware.com/@md=d&cd=//&c=UXC@/7377155?ac=10,https://buildweb.eng.vmware.com/changelog/14489719,https://buildweb.eng.vmware.com/ob/build/14489719/,hcwin,GA,5.2.0
cart-20fq3,14489691,7377155,http://p4web.eng.vmware.com/@md=d&cd=//&c=UXC@/7377155?ac=10,https://buildweb.eng.vmware.com/changelog/14489691,https://buildweb.eng.vmware.com/ob/build/14489691/,hcwin,beta,5.2.0
cart-20fq3,14487463,7376464,http://p4web.eng.vmware.com/@md=d&cd=//&c=UXC@/7376464?ac=10,https://buildweb.eng.vmware.com/changelog/14487463,https://buildweb.eng.vmware.com/ob/build/14487463/,hcwin,beta,5.2.0
cart-20fq3,14487469,7376464,http://p4web.eng.vmware.com/@md=d&cd=//&c=UXC@/7376464?ac=10,https://buildweb.eng.vmware.com/changelog/14487469,https://buildweb.eng.vmware.com/ob/build/14487469/,hcwin,beta,5.2.0
cart-20fq3,14487462,7376464,http://p4web.eng.vmware.com/@md=d&cd=//&c=UXC@/7376464?ac=10,https://buildweb.eng.vmware.com/changelog/14487462,https://buildweb.eng.vmware.com/ob/build/14487462/,hcwin,GA,5.2.0
cart-20fq3,14483637,7375628,http://p4web.eng.vmware.com/@md=d&cd=//&c=UXC@/7375628?ac=10,https://buildweb.eng.vmware.com/changelog/14483637,https://buildweb.eng.vmware.com/ob/build/14483637/,hcwin,beta,5.2.0
cart-20fq3,14483638,7375628,http://p4web.eng.vmware.com/@md=d&cd=//&c=UXC@/7375628?ac=10,https://buildweb.eng.vmware.com/changelog/14483638,https://buildweb.eng.vmware.com/ob/build/14483638/,hcwin,GA,5.2.0
cart-20fq3,14483614,7375620,http://p4web.eng.vmware.com/@md=d&cd=//&c=UXC@/7375620?ac=10,https://buildweb.eng.vmware.com/changelog/14483614,https://buildweb.eng.vmware.com/ob/build/14483614/,hcwin,beta,5.2.0
cart-20fq3,14477520,7374176,http://p4web.eng.vmware.com/@md=d&cd=//&c=UXC@/7374176?ac=10,https://buildweb.eng.vmware.com/changelog/14477520,https://buildweb.eng.vmware.com/ob/build/14477520/,hcwin,beta,5.2.0
cart-20fq3,14477511,7374176,http://p4web.eng.vmware.com/@md=d&cd=//&c=UXC@/7374176?ac=10,https://buildweb.eng.vmware.com/changelog/14477511,https://buildweb.eng.vmware.com/ob/build/14477511/,hcwin,beta,5.2.0
cart-20fq3,14477508,7374176,http://p4web.eng.vmware.com/@md=d&cd=//&c=UXC@/7374176?ac=10,https://buildweb.eng.vmware.com/changelog/14477508,https://buildweb.eng.vmware.com/ob/build/14477508/,hcwin,GA,5.2.0
cart-20fq3,14472843,7372419,http://p4web.eng.vmware.com/@md=d&cd=//&c=UXC@/7372419?ac=10,https://buildweb.eng.vmware.com/changelog/14472843,https://buildweb.eng.vmware.com/ob/build/14472843/,hcwin,beta,5.2.0
cart-20fq3,14473124,7372691,http://p4web.eng.vmware.com/@md=d&cd=//&c=UXC@/7372691?ac=10,https://buildweb.eng.vmware.com/changelog/14473124,https://buildweb.eng.vmware.com/ob/build/14473124/,hcwin,beta,5.2.0
cart-20fq3,14472825,7372419,http://p4web.eng.vmware.com/@md=d&cd=//&c=UXC@/7372419?ac=10,https://buildweb.eng.vmware.com/changelog/14472825,https://buildweb.eng.vmware.com/ob/build/14472825/,hcwin,beta,5.2.0
cart-20fq3,14472812,7372419,http://p4web.eng.vmware.com/@md=d&cd=//&c=UXC@/7372419?ac=10,https://buildweb.eng.vmware.com/changelog/14472812,https://buildweb.eng.vmware.com/ob/build/14472812/,hcwin,GA,5.2.0
cart-20fq3,14471583,7371878,http://p4web.eng.vmware.com/@md=d&cd=//&c=UXC@/7371878?ac=10,https://buildweb.eng.vmware.com/changelog/14471583,https://buildweb.eng.vmware.com/ob/build/14471583/,hcwin,GA,5.2.0
cart-20fq3,14469372,7370885,http://p4web.eng.vmware.com/@md=d&cd=//&c=UXC@/7370885?ac=10,https://buildweb.eng.vmware.com/changelog/14469372,https://buildweb.eng.vmware.com/ob/build/14469372/,hcwin,beta,5.2.0
cart-20fq3,14469355,7370885,http://p4web.eng.vmware.com/@md=d&cd=//&c=UXC@/7370885?ac=10,https://buildweb.eng.vmware.com/changelog/14469355,https://buildweb.eng.vmware.com/ob/build/14469355/,hcwin,beta,5.2.0
cart-20fq3,14469353,7370885,http://p4web.eng.vmware.com/@md=d&cd=//&c=UXC@/7370885?ac=10,https://buildweb.eng.vmware.com/changelog/14469353,https://buildweb.eng.vmware.com/ob/build/14469353/,hcwin,GA,5.2.0
cart-20fq3,14465551,7369304,http://p4web.eng.vmware.com/@md=d&cd=//&c=UXC@/7369304?ac=10,https://buildweb.eng.vmware.com/changelog/14465551,https://buildweb.eng.vmware.com/ob/build/14465551/,hcwin,GA,5.2.0
cart-20fq3,14465550,7369304,http://p4web.eng.vmware.com/@md=d&cd=//&c=UXC@/7369304?ac=10,https://buildweb.eng.vmware.com/changelog/14465550,https://buildweb.eng.vmware.com/ob/build/14465550/,hcwin,beta,5.2.0
cart-20fq3,14465549,7369304,http://p4web.eng.vmware.com/@md=d&cd=//&c=UXC@/7369304?ac=10,https://buildweb.eng.vmware.com/changelog/14465549,https://buildweb.eng.vmware.com/ob/build/14465549/,hcwin,beta,5.2.0
cart-20fq3,14465076,7368958,http://p4web.eng.vmware.com/@md=d&cd=//&c=UXC@/7368958?ac=10,https://buildweb.eng.vmware.com/changelog/14465076,https://buildweb.eng.vmware.com/ob/build/14465076/,hcwin,beta,5.2.0
cart-20fq3,14465068,7368958,http://p4web.eng.vmware.com/@md=d&cd=//&c=UXC@/7368958?ac=10,https://buildweb.eng.vmware.com/changelog/14465068,https://buildweb.eng.vmware.com/ob/build/14465068/,hcwin,GA,5.2.0
cart-20fq3,14465047,7368958,http://p4web.eng.vmware.com/@md=d&cd=//&c=UXC@/7368958?ac=10,https://buildweb.eng.vmware.com/changelog/14465047,https://buildweb.eng.vmware.com/ob/build/14465047/,hcwin,beta,5.2.0
cart-20fq3,14463259,7368329,http://p4web.eng.vmware.com/@md=d&cd=//&c=UXC@/7368329?ac=10,https://buildweb.eng.vmware.com/changelog/14463259,https://buildweb.eng.vmware.com/ob/build/14463259/,hcwin,GA,5.2.0
cart-20fq3,14460925,7367441,http://p4web.eng.vmware.com/@md=d&cd=//&c=UXC@/7367441?ac=10,https://buildweb.eng.vmware.com/changelog/14460925,https://buildweb.eng.vmware.com/ob/build/14460925/,hcwin,beta,5.2.0
cart-20fq3,14460917,7367441,http://p4web.eng.vmware.com/@md=d&cd=//&c=UXC@/7367441?ac=10,https://buildweb.eng.vmware.com/changelog/14460917,https://buildweb.eng.vmware.com/ob/build/14460917/,hcwin,GA,5.2.0
cart-20fq3,14460915,7367441,http://p4web.eng.vmware.com/@md=d&cd=//&c=UXC@/7367441?ac=10,https://buildweb.eng.vmware.com/changelog/14460915,https://buildweb.eng.vmware.com/ob/build/14460915/,hcwin,beta,5.2.0
cart-20fq3,14460514,7367087,http://p4web.eng.vmware.com/@md=d&cd=//&c=UXC@/7367087?ac=10,https://buildweb.eng.vmware.com/changelog/14460514,https://buildweb.eng.vmware.com/ob/build/14460514/,hcwin,beta,5.2.0
cart-20fq3,14460516,7367087,http://p4web.eng.vmware.com/@md=d&cd=//&c=UXC@/7367087?ac=10,https://buildweb.eng.vmware.com/changelog/14460516,https://buildweb.eng.vmware.com/ob/build/14460516/,hcwin,GA,5.2.0
cart-20fq3,14460513,7367087,http://p4web.eng.vmware.com/@md=d&cd=//&c=UXC@/7367087?ac=10,https://buildweb.eng.vmware.com/changelog/14460513,https://buildweb.eng.vmware.com/ob/build/14460513/,hcwin,beta,5.2.0
cart-20fq3,14456183,7365484,http://p4web.eng.vmware.com/@md=d&cd=//&c=UXC@/7365484?ac=10,https://buildweb.eng.vmware.com/changelog/14456183,https://buildweb.eng.vmware.com/ob/build/14456183/,hcwin,GA,5.2.0
cart-20fq3,14456180,7365484,http://p4web.eng.vmware.com/@md=d&cd=//&c=UXC@/7365484?ac=10,https://buildweb.eng.vmware.com/changelog/14456180,https://buildweb.eng.vmware.com/ob/build/14456180/,hcwin,beta,5.2.0
cart-20fq3,14456170,7365484,http://p4web.eng.vmware.com/@md=d&cd=//&c=UXC@/7365484?ac=10,https://buildweb.eng.vmware.com/changelog/14456170,https://buildweb.eng.vmware.com/ob/build/14456170/,hcwin,beta,5.2.0
cart-20fq3,14454382,7304029,http://p4web.eng.vmware.com/@md=d&cd=//&c=UXC@/7304029?ac=10,https://buildweb.eng.vmware.com/changelog/14454382,https://buildweb.eng.vmware.com/ob/build/14454382/,hcwin,beta,5.2.0
cart-20fq3,14451976,7363899,http://p4web.eng.vmware.com/@md=d&cd=//&c=UXC@/7363899?ac=10,https://buildweb.eng.vmware.com/changelog/14451976,https://buildweb.eng.vmware.com/ob/build/14451976/,hcwin,beta,5.2.0
cart-20fq3,14451973,7363899,http://p4web.eng.vmware.com/@md=d&cd=//&c=UXC@/7363899?ac=10,https://buildweb.eng.vmware.com/changelog/14451973,https://buildweb.eng.vmware.com/ob/build/14451973/,hcwin,GA,5.2.0
cart-20fq3,14451963,7363899,http://p4web.eng.vmware.com/@md=d&cd=//&c=UXC@/7363899?ac=10,https://buildweb.eng.vmware.com/changelog/14451963,https://buildweb.eng.vmware.com/ob/build/14451963/,hcwin,beta,5.2.0
cart-20fq3,14450286,7363310,http://p4web.eng.vmware.com/@md=d&cd=//&c=UXC@/7363310?ac=10,https://buildweb.eng.vmware.com/changelog/14450286,https://buildweb.eng.vmware.com/ob/build/14450286/,hcwin,beta,5.2.0
cart-20fq3,14449796,7362926,http://p4web.eng.vmware.com/@md=d&cd=//&c=UXC@/7362926?ac=10,https://buildweb.eng.vmware.com/changelog/14449796,https://buildweb.eng.vmware.com/ob/build/14449796/,hcwin,GA,5.2.0
cart-20fq3,14446317,7362047,http://p4web.eng.vmware.com/@md=d&cd=//&c=UXC@/7362047?ac=10,https://buildweb.eng.vmware.com/changelog/14446317,https://buildweb.eng.vmware.com/ob/build/14446317/,hcwin,beta,5.2.0
cart-20fq3,14446126,7361880,http://p4web.eng.vmware.com/@md=d&cd=//&c=UXC@/7361880?ac=10,https://buildweb.eng.vmware.com/changelog/14446126,https://buildweb.eng.vmware.com/ob/build/14446126/,hcwin,GA,5.2.0
cart-20fq3,14446112,7361880,http://p4web.eng.vmware.com/@md=d&cd=//&c=UXC@/7361880?ac=10,https://buildweb.eng.vmware.com/changelog/14446112,https://buildweb.eng.vmware.com/ob/build/14446112/,hcwin,beta,5.2.0
cart-20fq3,14446109,7361880,http://p4web.eng.vmware.com/@md=d&cd=//&c=UXC@/7361880?ac=10,https://buildweb.eng.vmware.com/changelog/14446109,https://buildweb.eng.vmware.com/ob/build/14446109/,hcwin,beta,5.2.0
cart-20fq3,14440993,7360552,http://p4web.eng.vmware.com/@md=d&cd=//&c=UXC@/7360552?ac=10,https://buildweb.eng.vmware.com/changelog/14440993,https://buildweb.eng.vmware.com/ob/build/14440993/,hcwin,GA,5.2.0
cart-20fq3,14440990,7360552,http://p4web.eng.vmware.com/@md=d&cd=//&c=UXC@/7360552?ac=10,https://buildweb.eng.vmware.com/changelog/14440990,https://buildweb.eng.vmware.com/ob/build/14440990/,hcwin,beta,5.2.0
cart-20fq3,14440986,7360552,http://p4web.eng.vmware.com/@md=d&cd=//&c=UXC@/7360552?ac=10,https://buildweb.eng.vmware.com/changelog/14440986,https://buildweb.eng.vmware.com/ob/build/14440986/,hcwin,beta,5.2.0
cart-20fq3,14439140,7359859,http://p4web.eng.vmware.com/@md=d&cd=//&c=UXC@/7359859?ac=10,https://buildweb.eng.vmware.com/changelog/14439140,https://buildweb.eng.vmware.com/ob/build/14439140/,hcwin,GA,5.2.0
cart-20fq3,14439139,7359859,http://p4web.eng.vmware.com/@md=d&cd=//&c=UXC@/7359859?ac=10,https://buildweb.eng.vmware.com/changelog/14439139,https://buildweb.eng.vmware.com/ob/build/14439139/,hcwin,beta,5.2.0
cart-20fq3,14439138,7359859,http://p4web.eng.vmware.com/@md=d&cd=//&c=UXC@/7359859?ac=10,https://buildweb.eng.vmware.com/changelog/14439138,https://buildweb.eng.vmware.com/ob/build/14439138/,hcwin,beta,5.2.0
cart-20fq3,14439068,7359834,http://p4web.eng.vmware.com/@md=d&cd=//&c=UXC@/7359834?ac=10,https://buildweb.eng.vmware.com/changelog/14439068,https://buildweb.eng.vmware.com/ob/build/14439068/,hcwin,GA,5.2.0
cart-20fq3,14434730,7358043,http://p4web.eng.vmware.com/@md=d&cd=//&c=UXC@/7358043?ac=10,https://buildweb.eng.vmware.com/changelog/14434730,https://buildweb.eng.vmware.com/ob/build/14434730/,hcwin,beta,5.2.0
cart-20fq3,14434722,7358043,http://p4web.eng.vmware.com/@md=d&cd=//&c=UXC@/7358043?ac=10,https://buildweb.eng.vmware.com/changelog/14434722,https://buildweb.eng.vmware.com/ob/build/14434722/,hcwin,GA,5.2.0
cart-20fq3,14434723,7358043,http://p4web.eng.vmware.com/@md=d&cd=//&c=UXC@/7358043?ac=10,https://buildweb.eng.vmware.com/changelog/14434723,https://buildweb.eng.vmware.com/ob/build/14434723/,hcwin,beta,5.2.0
cart-20fq3,14432772,7357857,http://p4web.eng.vmware.com/@md=d&cd=//&c=UXC@/7357857?ac=10,https://buildweb.eng.vmware.com/changelog/14432772,https://buildweb.eng.vmware.com/ob/build/14432772/,hcwin,GA,5.2.0
cart-20fq3,14432773,7357857,http://p4web.eng.vmware.com/@md=d&cd=//&c=UXC@/7357857?ac=10,https://buildweb.eng.vmware.com/changelog/14432773,https://buildweb.eng.vmware.com/ob/build/14432773/,hcwin,beta,5.2.0
cart-20fq3,14432763,7357857,http://p4web.eng.vmware.com/@md=d&cd=//&c=UXC@/7357857?ac=10,https://buildweb.eng.vmware.com/changelog/14432763,https://buildweb.eng.vmware.com/ob/build/14432763/,hcwin,beta,5.2.0
cart-20fq3,14430796,7357281,http://p4web.eng.vmware.com/@md=d&cd=//&c=UXC@/7357281?ac=10,https://buildweb.eng.vmware.com/changelog/14430796,https://buildweb.eng.vmware.com/ob/build/14430796/,hcwin,GA,5.2.0
cart-20fq3,14430797,7357281,http://p4web.eng.vmware.com/@md=d&cd=//&c=UXC@/7357281?ac=10,https://buildweb.eng.vmware.com/changelog/14430797,https://buildweb.eng.vmware.com/ob/build/14430797/,hcwin,beta,5.2.0
cart-20fq3,14430795,7357281,http://p4web.eng.vmware.com/@md=d&cd=//&c=UXC@/7357281?ac=10,https://buildweb.eng.vmware.com/changelog/14430795,https://buildweb.eng.vmware.com/ob/build/14430795/,hcwin,beta,5.2.0
cart-20fq3,14428038,7356420,http://p4web.eng.vmware.com/@md=d&cd=//&c=UXC@/7356420?ac=10,https://buildweb.eng.vmware.com/changelog/14428038,https://buildweb.eng.vmware.com/ob/build/14428038/,hcwin,beta,5.2.0
cart-20fq3,14428034,7356420,http://p4web.eng.vmware.com/@md=d&cd=//&c=UXC@/7356420?ac=10,https://buildweb.eng.vmware.com/changelog/14428034,https://buildweb.eng.vmware.com/ob/build/14428034/,hcwin,GA,5.2.0
cart-20fq3,14428026,7356420,http://p4web.eng.vmware.com/@md=d&cd=//&c=UXC@/7356420?ac=10,https://buildweb.eng.vmware.com/changelog/14428026,https://buildweb.eng.vmware.com/ob/build/14428026/,hcwin,beta,5.2.0
cart-20fq3,14423415,7355031,http://p4web.eng.vmware.com/@md=d&cd=//&c=UXC@/7355031?ac=10,https://buildweb.eng.vmware.com/changelog/14423415,https://buildweb.eng.vmware.com/ob/build/14423415/,hcwin,beta,5.2.0
cart-20fq3,14423413,7355031,http://p4web.eng.vmware.com/@md=d&cd=//&c=UXC@/7355031?ac=10,https://buildweb.eng.vmware.com/changelog/14423413,https://buildweb.eng.vmware.com/ob/build/14423413/,hcwin,GA,5.2.0
cart-20fq3,14423400,7355031,http://p4web.eng.vmware.com/@md=d&cd=//&c=UXC@/7355031?ac=10,https://buildweb.eng.vmware.com/changelog/14423400,https://buildweb.eng.vmware.com/ob/build/14423400/,hcwin,beta,5.2.0
cart-20fq3,14419759,7353447,http://p4web.eng.vmware.com/@md=d&cd=//&c=UXC@/7353447?ac=10,https://buildweb.eng.vmware.com/changelog/14419759,https://buildweb.eng.vmware.com/ob/build/14419759/,hcwin,beta,5.2.0
cart-20fq3,14419594,7353328,http://p4web.eng.vmware.com/@md=d&cd=//&c=UXC@/7353328?ac=10,https://buildweb.eng.vmware.com/changelog/14419594,https://buildweb.eng.vmware.com/ob/build/14419594/,hcwin,beta,5.2.0
cart-20fq3,14419573,7353328,http://p4web.eng.vmware.com/@md=d&cd=//&c=UXC@/7353328?ac=10,https://buildweb.eng.vmware.com/changelog/14419573,https://buildweb.eng.vmware.com/ob/build/14419573/,hcwin,GA,5.2.0
cart-20fq3,14419567,7353328,http://p4web.eng.vmware.com/@md=d&cd=//&c=UXC@/7353328?ac=10,https://buildweb.eng.vmware.com/changelog/14419567,https://buildweb.eng.vmware.com/ob/build/14419567/,hcwin,beta,5.2.0
cart-20fq3,14417207,7352435,http://p4web.eng.vmware.com/@md=d&cd=//&c=UXC@/7352435?ac=10,https://buildweb.eng.vmware.com/changelog/14417207,https://buildweb.eng.vmware.com/ob/build/14417207/,hcwin,beta,5.2.0
cart-20fq3,14417206,7352435,http://p4web.eng.vmware.com/@md=d&cd=//&c=UXC@/7352435?ac=10,https://buildweb.eng.vmware.com/changelog/14417206,https://buildweb.eng.vmware.com/ob/build/14417206/,hcwin,beta,5.2.0
cart-20fq3,14415351,7351776,http://p4web.eng.vmware.com/@md=d&cd=//&c=UXC@/7351776?ac=10,https://buildweb.eng.vmware.com/changelog/14415351,https://buildweb.eng.vmware.com/ob/build/14415351/,hcwin,GA,5.2.0
cart-20fq3,14417208,7352435,http://p4web.eng.vmware.com/@md=d&cd=//&c=UXC@/7352435?ac=10,https://buildweb.eng.vmware.com/changelog/14417208,https://buildweb.eng.vmware.com/ob/build/14417208/,hcwin,GA,5.2.0
cart-20fq3,14415350,7351776,http://p4web.eng.vmware.com/@md=d&cd=//&c=UXC@/7351776?ac=10,https://buildweb.eng.vmware.com/changelog/14415350,https://buildweb.eng.vmware.com/ob/build/14415350/,hcwin,beta,5.2.0
cart-20fq3,14415340,7351776,http://p4web.eng.vmware.com/@md=d&cd=//&c=UXC@/7351776?ac=10,https://buildweb.eng.vmware.com/changelog/14415340,https://buildweb.eng.vmware.com/ob/build/14415340/,hcwin,beta,5.2.0
cart-20fq3,14413379,7350712,http://p4web.eng.vmware.com/@md=d&cd=//&c=UXC@/7350712?ac=10,https://buildweb.eng.vmware.com/changelog/14413379,https://buildweb.eng.vmware.com/ob/build/14413379/,hcwin,beta,5.2.0
cart-20fq3,14411100,7350182,http://p4web.eng.vmware.com/@md=d&cd=//&c=UXC@/7350182?ac=10,https://buildweb.eng.vmware.com/changelog/14411100,https://buildweb.eng.vmware.com/ob/build/14411100/,hcwin,beta,5.2.0
cart-20fq3,14411070,7350182,http://p4web.eng.vmware.com/@md=d&cd=//&c=UXC@/7350182?ac=10,https://buildweb.eng.vmware.com/changelog/14411070,https://buildweb.eng.vmware.com/ob/build/14411070/,hcwin,beta,5.2.0
cart-20fq3,14411068,7350182,http://p4web.eng.vmware.com/@md=d&cd=//&c=UXC@/7350182?ac=10,https://buildweb.eng.vmware.com/changelog/14411068,https://buildweb.eng.vmware.com/ob/build/14411068/,hcwin,GA,5.2.0
cart-20fq3,14405690,7348805,http://p4web.eng.vmware.com/@md=d&cd=//&c=UXC@/7348805?ac=10,https://buildweb.eng.vmware.com/changelog/14405690,https://buildweb.eng.vmware.com/ob/build/14405690/,hcwin,beta,5.2.0
cart-20fq3,14405682,7348805,http://p4web.eng.vmware.com/@md=d&cd=//&c=UXC@/7348805?ac=10,https://buildweb.eng.vmware.com/changelog/14405682,https://buildweb.eng.vmware.com/ob/build/14405682/,hcwin,GA,5.2.0
cart-20fq3,14403349,7347749,http://p4web.eng.vmware.com/@md=d&cd=//&c=UXC@/7347749?ac=10,https://buildweb.eng.vmware.com/changelog/14403349,https://buildweb.eng.vmware.com/ob/build/14403349/,hcwin,GA,5.2.0
cart-20fq3,14405692,7348805,http://p4web.eng.vmware.com/@md=d&cd=//&c=UXC@/7348805?ac=10,https://buildweb.eng.vmware.com/changelog/14405692,https://buildweb.eng.vmware.com/ob/build/14405692/,hcwin,beta,5.2.0
cart-20fq3,14403348,7347749,http://p4web.eng.vmware.com/@md=d&cd=//&c=UXC@/7347749?ac=10,https://buildweb.eng.vmware.com/changelog/14403348,https://buildweb.eng.vmware.com/ob/build/14403348/,hcwin,beta,5.2.0
cart-20fq3,14403347,7347749,http://p4web.eng.vmware.com/@md=d&cd=//&c=UXC@/7347749?ac=10,https://buildweb.eng.vmware.com/changelog/14403347,https://buildweb.eng.vmware.com/ob/build/14403347/,hcwin,beta,5.2.0
cart-20fq3,14399870,7346789,http://p4web.eng.vmware.com/@md=d&cd=//&c=UXC@/7346789?ac=10,https://buildweb.eng.vmware.com/changelog/14399870,https://buildweb.eng.vmware.com/ob/build/14399870/,hcwin,beta,5.2.0
cart-20fq3,14399866,7346789,http://p4web.eng.vmware.com/@md=d&cd=//&c=UXC@/7346789?ac=10,https://buildweb.eng.vmware.com/changelog/14399866,https://buildweb.eng.vmware.com/ob/build/14399866/,hcwin,GA,5.2.0
cart-20fq3,14399855,7346789,http://p4web.eng.vmware.com/@md=d&cd=//&c=UXC@/7346789?ac=10,https://buildweb.eng.vmware.com/changelog/14399855,https://buildweb.eng.vmware.com/ob/build/14399855/,hcwin,beta,5.2.0
cart-20fq3,14393862,7345250,http://p4web.eng.vmware.com/@md=d&cd=//&c=UXC@/7345250?ac=10,https://buildweb.eng.vmware.com/changelog/14393862,https://buildweb.eng.vmware.com/ob/build/14393862/,hcwin,beta,5.2.0
cart-20fq3,14393850,7345250,http://p4web.eng.vmware.com/@md=d&cd=//&c=UXC@/7345250?ac=10,https://buildweb.eng.vmware.com/changelog/14393850,https://buildweb.eng.vmware.com/ob/build/14393850/,hcwin,GA,5.2.0
cart-20fq3,14393844,7345250,http://p4web.eng.vmware.com/@md=d&cd=//&c=UXC@/7345250?ac=10,https://buildweb.eng.vmware.com/changelog/14393844,https://buildweb.eng.vmware.com/ob/build/14393844/,hcwin,beta,5.2.0
cart-20fq3,14389494,7343466,http://p4web.eng.vmware.com/@md=d&cd=//&c=UXC@/7343466?ac=10,https://buildweb.eng.vmware.com/changelog/14389494,https://buildweb.eng.vmware.com/ob/build/14389494/,hcwin,beta,5.2.0
cart-20fq3,14389507,7343466,http://p4web.eng.vmware.com/@md=d&cd=//&c=UXC@/7343466?ac=10,https://buildweb.eng.vmware.com/changelog/14389507,https://buildweb.eng.vmware.com/ob/build/14389507/,hcwin,GA,5.2.0
cart-20fq3,14389482,7343466,http://p4web.eng.vmware.com/@md=d&cd=//&c=UXC@/7343466?ac=10,https://buildweb.eng.vmware.com/changelog/14389482,https://buildweb.eng.vmware.com/ob/build/14389482/,hcwin,beta,5.2.0
cart-20fq3,14385792,7341844,http://p4web.eng.vmware.com/@md=d&cd=//&c=UXC@/7341844?ac=10,https://buildweb.eng.vmware.com/changelog/14385792,https://buildweb.eng.vmware.com/ob/build/14385792/,hcwin,GA,5.2.0
cart-20fq3,14385794,7341844,http://p4web.eng.vmware.com/@md=d&cd=//&c=UXC@/7341844?ac=10,https://buildweb.eng.vmware.com/changelog/14385794,https://buildweb.eng.vmware.com/ob/build/14385794/,hcwin,beta,5.2.0
cart-20fq3,14385787,7341844,http://p4web.eng.vmware.com/@md=d&cd=//&c=UXC@/7341844?ac=10,https://buildweb.eng.vmware.com/changelog/14385787,https://buildweb.eng.vmware.com/ob/build/14385787/,hcwin,beta,5.2.0
cart-20fq3,14381211,7340280,http://p4web.eng.vmware.com/@md=d&cd=//&c=UXC@/7340280?ac=10,https://buildweb.eng.vmware.com/changelog/14381211,https://buildweb.eng.vmware.com/ob/build/14381211/,hcwin,GA,5.2.0
cart-20fq3,14381183,7340280,http://p4web.eng.vmware.com/@md=d&cd=//&c=UXC@/7340280?ac=10,https://buildweb.eng.vmware.com/changelog/14381183,https://buildweb.eng.vmware.com/ob/build/14381183/,hcwin,beta,5.2.0
cart-20fq3,14381199,7340280,http://p4web.eng.vmware.com/@md=d&cd=//&c=UXC@/7340280?ac=10,https://buildweb.eng.vmware.com/changelog/14381199,https://buildweb.eng.vmware.com/ob/build/14381199/,hcwin,beta,5.2.0
cart-20fq3,14378486,7339658,http://p4web.eng.vmware.com/@md=d&cd=//&c=UXC@/7339658?ac=10,https://buildweb.eng.vmware.com/changelog/14378486,https://buildweb.eng.vmware.com/ob/build/14378486/,hcwin,beta,5.2.0
cart-20fq3,14378479,7339658,http://p4web.eng.vmware.com/@md=d&cd=//&c=UXC@/7339658?ac=10,https://buildweb.eng.vmware.com/changelog/14378479,https://buildweb.eng.vmware.com/ob/build/14378479/,hcwin,GA,5.2.0
cart-20fq3,14378475,7339658,http://p4web.eng.vmware.com/@md=d&cd=//&c=UXC@/7339658?ac=10,https://buildweb.eng.vmware.com/changelog/14378475,https://buildweb.eng.vmware.com/ob/build/14378475/,hcwin,beta,5.2.0
cart-20fq3,14375627,7338916,http://p4web.eng.vmware.com/@md=d&cd=//&c=UXC@/7338916?ac=10,https://buildweb.eng.vmware.com/changelog/14375627,https://buildweb.eng.vmware.com/ob/build/14375627/,hcwin,beta,5.2.0
cart-20fq3,14375633,7338916,http://p4web.eng.vmware.com/@md=d&cd=//&c=UXC@/7338916?ac=10,https://buildweb.eng.vmware.com/changelog/14375633,https://buildweb.eng.vmware.com/ob/build/14375633/,hcwin,GA,5.2.0
cart-20fq3,14375621,7338916,http://p4web.eng.vmware.com/@md=d&cd=//&c=UXC@/7338916?ac=10,https://buildweb.eng.vmware.com/changelog/14375621,https://buildweb.eng.vmware.com/ob/build/14375621/,hcwin,beta,5.2.0
cart-20fq3,14372482,7338132,http://p4web.eng.vmware.com/@md=d&cd=//&c=UXC@/7338132?ac=10,https://buildweb.eng.vmware.com/changelog/14372482,https://buildweb.eng.vmware.com/ob/build/14372482/,hcwin,GA,5.2.0
cart-20fq3,14372488,7338132,http://p4web.eng.vmware.com/@md=d&cd=//&c=UXC@/7338132?ac=10,https://buildweb.eng.vmware.com/changelog/14372488,https://buildweb.eng.vmware.com/ob/build/14372488/,hcwin,beta,5.2.0
cart-20fq3,14372489,7338132,http://p4web.eng.vmware.com/@md=d&cd=//&c=UXC@/7338132?ac=10,https://buildweb.eng.vmware.com/changelog/14372489,https://buildweb.eng.vmware.com/ob/build/14372489/,hcwin,beta,5.2.0
cart-20fq3,14368421,7337281,http://p4web.eng.vmware.com/@md=d&cd=//&c=UXC@/7337281?ac=10,https://buildweb.eng.vmware.com/changelog/14368421,https://buildweb.eng.vmware.com/ob/build/14368421/,hcwin,GA,5.2.0
cart-20fq3,14368417,7337281,http://p4web.eng.vmware.com/@md=d&cd=//&c=UXC@/7337281?ac=10,https://buildweb.eng.vmware.com/changelog/14368417,https://buildweb.eng.vmware.com/ob/build/14368417/,hcwin,beta,5.2.0
cart-20fq3,14368414,7337281,http://p4web.eng.vmware.com/@md=d&cd=//&c=UXC@/7337281?ac=10,https://buildweb.eng.vmware.com/changelog/14368414,https://buildweb.eng.vmware.com/ob/build/14368414/,hcwin,beta,5.2.0
cart-20fq3,14363162,7335799,http://p4web.eng.vmware.com/@md=d&cd=//&c=UXC@/7335799?ac=10,https://buildweb.eng.vmware.com/changelog/14363162,https://buildweb.eng.vmware.com/ob/build/14363162/,hcwin,beta,5.2.0
cart-20fq3,14363160,7335799,http://p4web.eng.vmware.com/@md=d&cd=//&c=UXC@/7335799?ac=10,https://buildweb.eng.vmware.com/changelog/14363160,https://buildweb.eng.vmware.com/ob/build/14363160/,hcwin,GA,5.2.0
cart-20fq3,14363149,7335799,http://p4web.eng.vmware.com/@md=d&cd=//&c=UXC@/7335799?ac=10,https://buildweb.eng.vmware.com/changelog/14363149,https://buildweb.eng.vmware.com/ob/build/14363149/,hcwin,beta,5.2.0
cart-20fq3,14361195,7335187,http://p4web.eng.vmware.com/@md=d&cd=//&c=UXC@/7335187?ac=10,https://buildweb.eng.vmware.com/changelog/14361195,https://buildweb.eng.vmware.com/ob/build/14361195/,hcwin,beta,5.2.0
cart-20fq3,14362225,7335471,http://p4web.eng.vmware.com/@md=d&cd=//&c=UXC@/7335471?ac=10,https://buildweb.eng.vmware.com/changelog/14362225,https://buildweb.eng.vmware.com/ob/build/14362225/,hcwin,beta,5.2.0
cart-20fq3,14358617,7334139,http://p4web.eng.vmware.com/@md=d&cd=//&c=UXC@/7334139?ac=10,https://buildweb.eng.vmware.com/changelog/14358617,https://buildweb.eng.vmware.com/ob/build/14358617/,hcwin,beta,5.2.0
cart-20fq3,14358055,7333953,http://p4web.eng.vmware.com/@md=d&cd=//&c=UXC@/7333953?ac=10,https://buildweb.eng.vmware.com/changelog/14358055,https://buildweb.eng.vmware.com/ob/build/14358055/,hcwin,GA,5.2.0
cart-20fq3,14358018,7333953,http://p4web.eng.vmware.com/@md=d&cd=//&c=UXC@/7333953?ac=10,https://buildweb.eng.vmware.com/changelog/14358018,https://buildweb.eng.vmware.com/ob/build/14358018/,hcwin,beta,5.2.0
cart-20fq3,14358014,7333953,http://p4web.eng.vmware.com/@md=d&cd=//&c=UXC@/7333953?ac=10,https://buildweb.eng.vmware.com/changelog/14358014,https://buildweb.eng.vmware.com/ob/build/14358014/,hcwin,beta,5.2.0
cart-20fq3,14352585,7332466,http://p4web.eng.vmware.com/@md=d&cd=//&c=UXC@/7332466?ac=10,https://buildweb.eng.vmware.com/changelog/14352585,https://buildweb.eng.vmware.com/ob/build/14352585/,hcwin,GA,5.2.0
cart-20fq3,14352581,7332466,http://p4web.eng.vmware.com/@md=d&cd=//&c=UXC@/7332466?ac=10,https://buildweb.eng.vmware.com/changelog/14352581,https://buildweb.eng.vmware.com/ob/build/14352581/,hcwin,beta,5.2.0
cart-20fq3,14352578,7332466,http://p4web.eng.vmware.com/@md=d&cd=//&c=UXC@/7332466?ac=10,https://buildweb.eng.vmware.com/changelog/14352578,https://buildweb.eng.vmware.com/ob/build/14352578/,hcwin,beta,5.2.0
cart-20fq3,14350740,7331736,http://p4web.eng.vmware.com/@md=d&cd=//&c=UXC@/7331736?ac=10,https://buildweb.eng.vmware.com/changelog/14350740,https://buildweb.eng.vmware.com/ob/build/14350740/,hcwin,beta,5.2.0
cart-20fq3,14347815,7330987,http://p4web.eng.vmware.com/@md=d&cd=//&c=UXC@/7330987?ac=10,https://buildweb.eng.vmware.com/changelog/14347815,https://buildweb.eng.vmware.com/ob/build/14347815/,hcwin,beta,5.2.0
cart-20fq3,14346890,7330689,http://p4web.eng.vmware.com/@md=d&cd=//&c=UXC@/7330689?ac=10,https://buildweb.eng.vmware.com/changelog/14346890,https://buildweb.eng.vmware.com/ob/build/14346890/,hcwin,beta,5.2.0
cart-20fq3,14346864,7330689,http://p4web.eng.vmware.com/@md=d&cd=//&c=UXC@/7330689?ac=10,https://buildweb.eng.vmware.com/changelog/14346864,https://buildweb.eng.vmware.com/ob/build/14346864/,hcwin,GA,5.2.0
cart-20fq3,14346852,7330689,http://p4web.eng.vmware.com/@md=d&cd=//&c=UXC@/7330689?ac=10,https://buildweb.eng.vmware.com/changelog/14346852,https://buildweb.eng.vmware.com/ob/build/14346852/,hcwin,beta,5.2.0
cart-20fq3,14343957,7329782,http://p4web.eng.vmware.com/@md=d&cd=//&c=UXC@/7329782?ac=10,https://buildweb.eng.vmware.com/changelog/14343957,https://buildweb.eng.vmware.com/ob/build/14343957/,hcwin,GA,5.2.0
cart-20fq3,14342234,7329107,http://p4web.eng.vmware.com/@md=d&cd=//&c=UXC@/7329107?ac=10,https://buildweb.eng.vmware.com/changelog/14342234,https://buildweb.eng.vmware.com/ob/build/14342234/,hcwin,beta,5.2.0
cart-20fq3,14342233,7329107,http://p4web.eng.vmware.com/@md=d&cd=//&c=UXC@/7329107?ac=10,https://buildweb.eng.vmware.com/changelog/14342233,https://buildweb.eng.vmware.com/ob/build/14342233/,hcwin,GA,5.2.0
cart-20fq3,14342222,7329107,http://p4web.eng.vmware.com/@md=d&cd=//&c=UXC@/7329107?ac=10,https://buildweb.eng.vmware.com/changelog/14342222,https://buildweb.eng.vmware.com/ob/build/14342222/,hcwin,beta,5.2.0
cart-20fq3,14337925,7327324,http://p4web.eng.vmware.com/@md=d&cd=//&c=UXC@/7327324?ac=10,https://buildweb.eng.vmware.com/changelog/14337925,https://buildweb.eng.vmware.com/ob/build/14337925/,hcwin,GA,5.2.0
cart-20fq3,14337918,7327324,http://p4web.eng.vmware.com/@md=d&cd=//&c=UXC@/7327324?ac=10,https://buildweb.eng.vmware.com/changelog/14337918,https://buildweb.eng.vmware.com/ob/build/14337918/,hcwin,beta,5.2.0
cart-20fq3,14337912,7327324,http://p4web.eng.vmware.com/@md=d&cd=//&c=UXC@/7327324?ac=10,https://buildweb.eng.vmware.com/changelog/14337912,https://buildweb.eng.vmware.com/ob/build/14337912/,hcwin,beta,5.2.0
cart-20fq3,14332090,7325507,http://p4web.eng.vmware.com/@md=d&cd=//&c=UXC@/7325507?ac=10,https://buildweb.eng.vmware.com/changelog/14332090,https://buildweb.eng.vmware.com/ob/build/14332090/,hcwin,GA,5.2.0
cart-20fq3,14332080,7325507,http://p4web.eng.vmware.com/@md=d&cd=//&c=UXC@/7325507?ac=10,https://buildweb.eng.vmware.com/changelog/14332080,https://buildweb.eng.vmware.com/ob/build/14332080/,hcwin,beta,5.2.0
cart-20fq3,14332081,7325507,http://p4web.eng.vmware.com/@md=d&cd=//&c=UXC@/7325507?ac=10,https://buildweb.eng.vmware.com/changelog/14332081,https://buildweb.eng.vmware.com/ob/build/14332081/,hcwin,beta,5.2.0
cart-20fq3,14326219,7323911,http://p4web.eng.vmware.com/@md=d&cd=//&c=UXC@/7323911?ac=10,https://buildweb.eng.vmware.com/changelog/14326219,https://buildweb.eng.vmware.com/ob/build/14326219/,hcwin,GA,5.2.0
cart-20fq3,14326179,7323897,http://p4web.eng.vmware.com/@md=d&cd=//&c=UXC@/7323897?ac=10,https://buildweb.eng.vmware.com/changelog/14326179,https://buildweb.eng.vmware.com/ob/build/14326179/,hcwin,beta,5.2.0
cart-20fq3,14326174,7323897,http://p4web.eng.vmware.com/@md=d&cd=//&c=UXC@/7323897?ac=10,https://buildweb.eng.vmware.com/changelog/14326174,https://buildweb.eng.vmware.com/ob/build/14326174/,hcwin,beta,5.2.0
cart-20fq3,14323415,7322560,http://p4web.eng.vmware.com/@md=d&cd=//&c=UXC@/7322560?ac=10,https://buildweb.eng.vmware.com/changelog/14323415,https://buildweb.eng.vmware.com/ob/build/14323415/,hcwin,beta,5.2.0
cart-20fq3,14323413,7322560,http://p4web.eng.vmware.com/@md=d&cd=//&c=UXC@/7322560?ac=10,https://buildweb.eng.vmware.com/changelog/14323413,https://buildweb.eng.vmware.com/ob/build/14323413/,hcwin,GA,5.2.0
cart-20fq3,14319999,7321135,http://p4web.eng.vmware.com/@md=d&cd=//&c=UXC@/7321135?ac=10,https://buildweb.eng.vmware.com/changelog/14319999,https://buildweb.eng.vmware.com/ob/build/14319999/,hcwin,GA,5.2.0
cart-20fq3,14323405,7322560,http://p4web.eng.vmware.com/@md=d&cd=//&c=UXC@/7322560?ac=10,https://buildweb.eng.vmware.com/changelog/14323405,https://buildweb.eng.vmware.com/ob/build/14323405/,hcwin,beta,5.2.0
cart-20fq3,14319980,7321124,http://p4web.eng.vmware.com/@md=d&cd=//&c=UXC@/7321124?ac=10,https://buildweb.eng.vmware.com/changelog/14319980,https://buildweb.eng.vmware.com/ob/build/14319980/,hcwin,beta,5.2.0
cart-20fq3,14319958,7321124,http://p4web.eng.vmware.com/@md=d&cd=//&c=UXC@/7321124?ac=10,https://buildweb.eng.vmware.com/changelog/14319958,https://buildweb.eng.vmware.com/ob/build/14319958/,hcwin,beta,5.2.0
cart-20fq3,14317603,7320038,http://p4web.eng.vmware.com/@md=d&cd=//&c=UXC@/7320038?ac=10,https://buildweb.eng.vmware.com/changelog/14317603,https://buildweb.eng.vmware.com/ob/build/14317603/,hcwin,GA,5.2.0
cart-20fq3,14317594,7320038,http://p4web.eng.vmware.com/@md=d&cd=//&c=UXC@/7320038?ac=10,https://buildweb.eng.vmware.com/changelog/14317594,https://buildweb.eng.vmware.com/ob/build/14317594/,hcwin,beta,5.2.0
cart-20fq3,14317593,7320038,http://p4web.eng.vmware.com/@md=d&cd=//&c=UXC@/7320038?ac=10,https://buildweb.eng.vmware.com/changelog/14317593,https://buildweb.eng.vmware.com/ob/build/14317593/,hcwin,beta,5.2.0
cart-20fq3,14314784,7320014,http://p4web.eng.vmware.com/@md=d&cd=//&c=UXC@/7320014?ac=10,https://buildweb.eng.vmware.com/changelog/14314784,https://buildweb.eng.vmware.com/ob/build/14314784/,hcwin,beta,5.2.0
cart-20fq3,14314767,7320014,http://p4web.eng.vmware.com/@md=d&cd=//&c=UXC@/7320014?ac=10,https://buildweb.eng.vmware.com/changelog/14314767,https://buildweb.eng.vmware.com/ob/build/14314767/,hcwin,GA,5.2.0
cart-20fq3,14311789,7319283,http://p4web.eng.vmware.com/@md=d&cd=//&c=UXC@/7319283?ac=10,https://buildweb.eng.vmware.com/changelog/14311789,https://buildweb.eng.vmware.com/ob/build/14311789/,hcwin,beta,5.2.0
cart-20fq3,14311784,7319283,http://p4web.eng.vmware.com/@md=d&cd=//&c=UXC@/7319283?ac=10,https://buildweb.eng.vmware.com/changelog/14311784,https://buildweb.eng.vmware.com/ob/build/14311784/,hcwin,beta,5.2.0
cart-20fq3,14314789,7320014,http://p4web.eng.vmware.com/@md=d&cd=//&c=UXC@/7320014?ac=10,https://buildweb.eng.vmware.com/changelog/14314789,https://buildweb.eng.vmware.com/ob/build/14314789/,hcwin,beta,5.2.0
cart-20fq3,14311782,7319283,http://p4web.eng.vmware.com/@md=d&cd=//&c=UXC@/7319283?ac=10,https://buildweb.eng.vmware.com/changelog/14311782,https://buildweb.eng.vmware.com/ob/build/14311782/,hcwin,GA,5.2.0
cart-20fq3,14309230,7318455,http://p4web.eng.vmware.com/@md=d&cd=//&c=UXC@/7318455?ac=10,https://buildweb.eng.vmware.com/changelog/14309230,https://buildweb.eng.vmware.com/ob/build/14309230/,hcwin,beta,5.2.0
cart-20fq3,14309239,7318455,http://p4web.eng.vmware.com/@md=d&cd=//&c=UXC@/7318455?ac=10,https://buildweb.eng.vmware.com/changelog/14309239,https://buildweb.eng.vmware.com/ob/build/14309239/,hcwin,beta,5.2.0
cart-20fq3,14309204,7318455,http://p4web.eng.vmware.com/@md=d&cd=//&c=UXC@/7318455?ac=10,https://buildweb.eng.vmware.com/changelog/14309204,https://buildweb.eng.vmware.com/ob/build/14309204/,hcwin,GA,5.2.0
cart-20fq3,14305514,7317035,http://p4web.eng.vmware.com/@md=d&cd=//&c=UXC@/7317035?ac=10,https://buildweb.eng.vmware.com/changelog/14305514,https://buildweb.eng.vmware.com/ob/build/14305514/,hcwin,GA,5.2.0
cart-20fq3,14305505,7317035,http://p4web.eng.vmware.com/@md=d&cd=//&c=UXC@/7317035?ac=10,https://buildweb.eng.vmware.com/changelog/14305505,https://buildweb.eng.vmware.com/ob/build/14305505/,hcwin,beta,5.2.0
cart-20fq3,14305503,7317035,http://p4web.eng.vmware.com/@md=d&cd=//&c=UXC@/7317035?ac=10,https://buildweb.eng.vmware.com/changelog/14305503,https://buildweb.eng.vmware.com/ob/build/14305503/,hcwin,beta,5.2.0
cart-20fq3,14303853,7316478,http://p4web.eng.vmware.com/@md=d&cd=//&c=UXC@/7316478?ac=10,https://buildweb.eng.vmware.com/changelog/14303853,https://buildweb.eng.vmware.com/ob/build/14303853/,hcwin,GA,5.2.0
cart-20fq3,14303852,7316478,http://p4web.eng.vmware.com/@md=d&cd=//&c=UXC@/7316478?ac=10,https://buildweb.eng.vmware.com/changelog/14303852,https://buildweb.eng.vmware.com/ob/build/14303852/,hcwin,beta,5.2.0
cart-20fq3,14303851,7316455,http://p4web.eng.vmware.com/@md=d&cd=//&c=UXC@/7316455?ac=10,https://buildweb.eng.vmware.com/changelog/14303851,https://buildweb.eng.vmware.com/ob/build/14303851/,hcwin,beta,5.2.0
cart-20fq3,14301020,7315602,http://p4web.eng.vmware.com/@md=d&cd=//&c=UXC@/7315602?ac=10,https://buildweb.eng.vmware.com/changelog/14301020,https://buildweb.eng.vmware.com/ob/build/14301020/,hcwin,GA,5.2.0
cart-20fq3,14301019,7315602,http://p4web.eng.vmware.com/@md=d&cd=//&c=UXC@/7315602?ac=10,https://buildweb.eng.vmware.com/changelog/14301019,https://buildweb.eng.vmware.com/ob/build/14301019/,hcwin,beta,5.2.0
cart-20fq3,14301018,7315602,http://p4web.eng.vmware.com/@md=d&cd=//&c=UXC@/7315602?ac=10,https://buildweb.eng.vmware.com/changelog/14301018,https://buildweb.eng.vmware.com/ob/build/14301018/,hcwin,beta,5.2.0
cart-20fq3,14300964,7315516,http://p4web.eng.vmware.com/@md=d&cd=//&c=UXC@/7315516?ac=10,https://buildweb.eng.vmware.com/changelog/14300964,https://buildweb.eng.vmware.com/ob/build/14300964/,hcwin,GA,5.2.0
cart-20fq3,14300924,7315516,http://p4web.eng.vmware.com/@md=d&cd=//&c=UXC@/7315516?ac=10,https://buildweb.eng.vmware.com/changelog/14300924,https://buildweb.eng.vmware.com/ob/build/14300924/,hcwin,beta,5.2.0
cart-20fq3,14300942,7315516,http://p4web.eng.vmware.com/@md=d&cd=//&c=UXC@/7315516?ac=10,https://buildweb.eng.vmware.com/changelog/14300942,https://buildweb.eng.vmware.com/ob/build/14300942/,hcwin,beta,5.2.0
cart-20fq3,14297720,7314718,http://p4web.eng.vmware.com/@md=d&cd=//&c=UXC@/7314718?ac=10,https://buildweb.eng.vmware.com/changelog/14297720,https://buildweb.eng.vmware.com/ob/build/14297720/,hcwin,GA,5.2.0
cart-20fq3,14297719,7314718,http://p4web.eng.vmware.com/@md=d&cd=//&c=UXC@/7314718?ac=10,https://buildweb.eng.vmware.com/changelog/14297719,https://buildweb.eng.vmware.com/ob/build/14297719/,hcwin,beta,5.2.0
cart-20fq3,14295827,7314049,http://p4web.eng.vmware.com/@md=d&cd=//&c=UXC@/7314049?ac=10,https://buildweb.eng.vmware.com/changelog/14295827,https://buildweb.eng.vmware.com/ob/build/14295827/,hcwin,GA,5.2.0
cart-20fq3,14295818,7314049,http://p4web.eng.vmware.com/@md=d&cd=//&c=UXC@/7314049?ac=10,https://buildweb.eng.vmware.com/changelog/14295818,https://buildweb.eng.vmware.com/ob/build/14295818/,hcwin,beta,5.2.0
cart-20fq3,14295814,7314049,http://p4web.eng.vmware.com/@md=d&cd=//&c=UXC@/7314049?ac=10,https://buildweb.eng.vmware.com/changelog/14295814,https://buildweb.eng.vmware.com/ob/build/14295814/,hcwin,beta,5.2.0
cart-20fq3,14291887,7312585,http://p4web.eng.vmware.com/@md=d&cd=//&c=UXC@/7312585?ac=10,https://buildweb.eng.vmware.com/changelog/14291887,https://buildweb.eng.vmware.com/ob/build/14291887/,hcwin,beta,5.2.0
cart-20fq3,14291888,7312585,http://p4web.eng.vmware.com/@md=d&cd=//&c=UXC@/7312585?ac=10,https://buildweb.eng.vmware.com/changelog/14291888,https://buildweb.eng.vmware.com/ob/build/14291888/,hcwin,GA,5.2.0
cart-20fq3,14291886,7312585,http://p4web.eng.vmware.com/@md=d&cd=//&c=UXC@/7312585?ac=10,https://buildweb.eng.vmware.com/changelog/14291886,https://buildweb.eng.vmware.com/ob/build/14291886/,hcwin,beta,5.2.0
cart-20fq3,14291427,7312450,http://p4web.eng.vmware.com/@md=d&cd=//&c=UXC@/7312450?ac=10,https://buildweb.eng.vmware.com/changelog/14291427,https://buildweb.eng.vmware.com/ob/build/14291427/,hcwin,beta,5.2.0
cart-20fq3,14290829,7312164,http://p4web.eng.vmware.com/@md=d&cd=//&c=UXC@/7312164?ac=10,https://buildweb.eng.vmware.com/changelog/14290829,https://buildweb.eng.vmware.com/ob/build/14290829/,hcwin,beta,5.2.0
cart-20fq3,14290744,7312123,http://p4web.eng.vmware.com/@md=d&cd=//&c=UXC@/7312123?ac=10,https://buildweb.eng.vmware.com/changelog/14290744,https://buildweb.eng.vmware.com/ob/build/14290744/,hcwin,beta,5.2.0
cart-20fq3,14290710,7312123,http://p4web.eng.vmware.com/@md=d&cd=//&c=UXC@/7312123?ac=10,https://buildweb.eng.vmware.com/changelog/14290710,https://buildweb.eng.vmware.com/ob/build/14290710/,hcwin,beta,5.2.0
cart-20fq3,14290706,7312123,http://p4web.eng.vmware.com/@md=d&cd=//&c=UXC@/7312123?ac=10,https://buildweb.eng.vmware.com/changelog/14290706,https://buildweb.eng.vmware.com/ob/build/14290706/,hcwin,GA,5.2.0
cart-20fq3,14286607,7310659,http://p4web.eng.vmware.com/@md=d&cd=//&c=UXC@/7310659?ac=10,https://buildweb.eng.vmware.com/changelog/14286607,https://buildweb.eng.vmware.com/ob/build/14286607/,hcwin,beta,5.2.0
cart-20fq3,14286612,7310659,http://p4web.eng.vmware.com/@md=d&cd=//&c=UXC@/7310659?ac=10,https://buildweb.eng.vmware.com/changelog/14286612,https://buildweb.eng.vmware.com/ob/build/14286612/,hcwin,GA,5.2.0
cart-20fq3,14286601,7310659,http://p4web.eng.vmware.com/@md=d&cd=//&c=UXC@/7310659?ac=10,https://buildweb.eng.vmware.com/changelog/14286601,https://buildweb.eng.vmware.com/ob/build/14286601/,hcwin,beta,5.2.0
cart-20fq3,14283293,7309256,http://p4web.eng.vmware.com/@md=d&cd=//&c=UXC@/7309256?ac=10,https://buildweb.eng.vmware.com/changelog/14283293,https://buildweb.eng.vmware.com/ob/build/14283293/,hcwin,GA,5.2.0
cart-20fq3,14283290,7309256,http://p4web.eng.vmware.com/@md=d&cd=//&c=UXC@/7309256?ac=10,https://buildweb.eng.vmware.com/changelog/14283290,https://buildweb.eng.vmware.com/ob/build/14283290/,hcwin,beta,5.2.0
cart-20fq3,14282552,7309208,http://p4web.eng.vmware.com/@md=d&cd=//&c=UXC@/7309208?ac=10,https://buildweb.eng.vmware.com/changelog/14282552,https://buildweb.eng.vmware.com/ob/build/14282552/,hcwin,beta,5.2.0
cart-20fq3,14282554,7309208,http://p4web.eng.vmware.com/@md=d&cd=//&c=UXC@/7309208?ac=10,https://buildweb.eng.vmware.com/changelog/14282554,https://buildweb.eng.vmware.com/ob/build/14282554/,hcwin,GA,5.2.0
cart-20fq3,14282551,7309208,http://p4web.eng.vmware.com/@md=d&cd=//&c=UXC@/7309208?ac=10,https://buildweb.eng.vmware.com/changelog/14282551,https://buildweb.eng.vmware.com/ob/build/14282551/,hcwin,beta,5.2.0
cart-20fq3,14281727,7308780,http://p4web.eng.vmware.com/@md=d&cd=//&c=UXC@/7308780?ac=10,https://buildweb.eng.vmware.com/changelog/14281727,https://buildweb.eng.vmware.com/ob/build/14281727/,hcwin,GA,5.2.0
cart-20fq3,14281716,7308780,http://p4web.eng.vmware.com/@md=d&cd=//&c=UXC@/7308780?ac=10,https://buildweb.eng.vmware.com/changelog/14281716,https://buildweb.eng.vmware.com/ob/build/14281716/,hcwin,beta,5.2.0
cart-20fq3,14281701,7308780,http://p4web.eng.vmware.com/@md=d&cd=//&c=UXC@/7308780?ac=10,https://buildweb.eng.vmware.com/changelog/14281701,https://buildweb.eng.vmware.com/ob/build/14281701/,hcwin,beta,5.2.0
cart-20fq3,14278109,7307707,http://p4web.eng.vmware.com/@md=d&cd=//&c=UXC@/7307707?ac=10,https://buildweb.eng.vmware.com/changelog/14278109,https://buildweb.eng.vmware.com/ob/build/14278109/,hcwin,GA,5.2.0
cart-20fq3,14278108,7307707,http://p4web.eng.vmware.com/@md=d&cd=//&c=UXC@/7307707?ac=10,https://buildweb.eng.vmware.com/changelog/14278108,https://buildweb.eng.vmware.com/ob/build/14278108/,hcwin,beta,5.2.0
cart-20fq3,14278107,7307707,http://p4web.eng.vmware.com/@md=d&cd=//&c=UXC@/7307707?ac=10,https://buildweb.eng.vmware.com/changelog/14278107,https://buildweb.eng.vmware.com/ob/build/14278107/,hcwin,beta,5.2.0
cart-20fq3,14276884,7307116,http://p4web.eng.vmware.com/@md=d&cd=//&c=UXC@/7307116?ac=10,https://buildweb.eng.vmware.com/changelog/14276884,https://buildweb.eng.vmware.com/ob/build/14276884/,hcwin,beta,5.2.0
cart-20fq3,14276874,7307116,http://p4web.eng.vmware.com/@md=d&cd=//&c=UXC@/7307116?ac=10,https://buildweb.eng.vmware.com/changelog/14276874,https://buildweb.eng.vmware.com/ob/build/14276874/,hcwin,GA,5.2.0
cart-20fq3,14276866,7307116,http://p4web.eng.vmware.com/@md=d&cd=//&c=UXC@/7307116?ac=10,https://buildweb.eng.vmware.com/changelog/14276866,https://buildweb.eng.vmware.com/ob/build/14276866/,hcwin,beta,5.2.0
cart-20fq3,14273617,7305789,http://p4web.eng.vmware.com/@md=d&cd=//&c=UXC@/7305789?ac=10,https://buildweb.eng.vmware.com/changelog/14273617,https://buildweb.eng.vmware.com/ob/build/14273617/,hcwin,beta,5.2.0
cart-20fq3,14272100,7305141,http://p4web.eng.vmware.com/@md=d&cd=//&c=UXC@/7305141?ac=10,https://buildweb.eng.vmware.com/changelog/14272100,https://buildweb.eng.vmware.com/ob/build/14272100/,hcwin,beta,5.2.0
cart-20fq3,14272097,7305141,http://p4web.eng.vmware.com/@md=d&cd=//&c=UXC@/7305141?ac=10,https://buildweb.eng.vmware.com/changelog/14272097,https://buildweb.eng.vmware.com/ob/build/14272097/,hcwin,GA,5.2.0
cart-20fq3,14272095,7305141,http://p4web.eng.vmware.com/@md=d&cd=//&c=UXC@/7305141?ac=10,https://buildweb.eng.vmware.com/changelog/14272095,https://buildweb.eng.vmware.com/ob/build/14272095/,hcwin,beta,5.2.0
cart-20fq3,14268353,7303898,http://p4web.eng.vmware.com/@md=d&cd=//&c=UXC@/7303898?ac=10,https://buildweb.eng.vmware.com/changelog/14268353,https://buildweb.eng.vmware.com/ob/build/14268353/,hcwin,GA,5.2.0
cart-20fq3,14268352,7303898,http://p4web.eng.vmware.com/@md=d&cd=//&c=UXC@/7303898?ac=10,https://buildweb.eng.vmware.com/changelog/14268352,https://buildweb.eng.vmware.com/ob/build/14268352/,hcwin,beta,5.2.0
cart-20fq3,14268351,7303898,http://p4web.eng.vmware.com/@md=d&cd=//&c=UXC@/7303898?ac=10,https://buildweb.eng.vmware.com/changelog/14268351,https://buildweb.eng.vmware.com/ob/build/14268351/,hcwin,beta,5.2.0
cart-20fq3,14267588,7303612,http://p4web.eng.vmware.com/@md=d&cd=//&c=UXC@/7303612?ac=10,https://buildweb.eng.vmware.com/changelog/14267588,https://buildweb.eng.vmware.com/ob/build/14267588/,hcwin,beta,5.2.0
cart-20fq3,14267587,7303612,http://p4web.eng.vmware.com/@md=d&cd=//&c=UXC@/7303612?ac=10,https://buildweb.eng.vmware.com/changelog/14267587,https://buildweb.eng.vmware.com/ob/build/14267587/,hcwin,beta,5.2.0
cart-20fq3,14267581,7303612,http://p4web.eng.vmware.com/@md=d&cd=//&c=UXC@/7303612?ac=10,https://buildweb.eng.vmware.com/changelog/14267581,https://buildweb.eng.vmware.com/ob/build/14267581/,hcwin,GA,5.2.0
cart-20fq3,14266384,7302912,http://p4web.eng.vmware.com/@md=d&cd=//&c=UXC@/7302912?ac=10,https://buildweb.eng.vmware.com/changelog/14266384,https://buildweb.eng.vmware.com/ob/build/14266384/,hcwin,GA,5.2.0
cart-20fq3,14266383,7302912,http://p4web.eng.vmware.com/@md=d&cd=//&c=UXC@/7302912?ac=10,https://buildweb.eng.vmware.com/changelog/14266383,https://buildweb.eng.vmware.com/ob/build/14266383/,hcwin,beta,5.2.0
cart-20fq3,14266382,7302912,http://p4web.eng.vmware.com/@md=d&cd=//&c=UXC@/7302912?ac=10,https://buildweb.eng.vmware.com/changelog/14266382,https://buildweb.eng.vmware.com/ob/build/14266382/,hcwin,beta,5.2.0
cart-20fq3,14264342,7301884,http://p4web.eng.vmware.com/@md=d&cd=//&c=UXC@/7301884?ac=10,https://buildweb.eng.vmware.com/changelog/14264342,https://buildweb.eng.vmware.com/ob/build/14264342/,hcwin,beta,5.2.0
cart-20fq3,14264329,7301884,http://p4web.eng.vmware.com/@md=d&cd=//&c=UXC@/7301884?ac=10,https://buildweb.eng.vmware.com/changelog/14264329,https://buildweb.eng.vmware.com/ob/build/14264329/,hcwin,GA,5.2.0
cart-20fq3,14264322,7301884,http://p4web.eng.vmware.com/@md=d&cd=//&c=UXC@/7301884?ac=10,https://buildweb.eng.vmware.com/changelog/14264322,https://buildweb.eng.vmware.com/ob/build/14264322/,hcwin,beta,5.2.0
cart-20fq3,14262014,7301332,http://p4web.eng.vmware.com/@md=d&cd=//&c=UXC@/7301332?ac=10,https://buildweb.eng.vmware.com/changelog/14262014,https://buildweb.eng.vmware.com/ob/build/14262014/,hcwin,GA,5.2.0
cart-20fq3,14262025,7301332,http://p4web.eng.vmware.com/@md=d&cd=//&c=UXC@/7301332?ac=10,https://buildweb.eng.vmware.com/changelog/14262025,https://buildweb.eng.vmware.com/ob/build/14262025/,hcwin,beta,5.2.0
cart-20fq3,14259020,7300747,http://p4web.eng.vmware.com/@md=d&cd=//&c=UXC@/7300747?ac=10,https://buildweb.eng.vmware.com/changelog/14259020,https://buildweb.eng.vmware.com/ob/build/14259020/,hcwin,GA,5.2.0
cart-20fq3,14259016,7300747,http://p4web.eng.vmware.com/@md=d&cd=//&c=UXC@/7300747?ac=10,https://buildweb.eng.vmware.com/changelog/14259016,https://buildweb.eng.vmware.com/ob/build/14259016/,hcwin,beta,5.2.0
cart-20fq3,14262026,7301332,http://p4web.eng.vmware.com/@md=d&cd=//&c=UXC@/7301332?ac=10,https://buildweb.eng.vmware.com/changelog/14262026,https://buildweb.eng.vmware.com/ob/build/14262026/,hcwin,beta,5.2.0
cart-20fq3,14259003,7300747,http://p4web.eng.vmware.com/@md=d&cd=//&c=UXC@/7300747?ac=10,https://buildweb.eng.vmware.com/changelog/14259003,https://buildweb.eng.vmware.com/ob/build/14259003/,hcwin,beta,5.2.0
cart-20fq3,14255719,7300139,http://p4web.eng.vmware.com/@md=d&cd=//&c=UXC@/7300139?ac=10,https://buildweb.eng.vmware.com/changelog/14255719,https://buildweb.eng.vmware.com/ob/build/14255719/,hcwin,beta,5.2.0
cart-20fq3,14255733,7300139,http://p4web.eng.vmware.com/@md=d&cd=//&c=UXC@/7300139?ac=10,https://buildweb.eng.vmware.com/changelog/14255733,https://buildweb.eng.vmware.com/ob/build/14255733/,hcwin,GA,5.2.0
cart-20fq3,14254696,7299967,http://p4web.eng.vmware.com/@md=d&cd=//&c=UXC@/7299967?ac=10,https://buildweb.eng.vmware.com/changelog/14254696,https://buildweb.eng.vmware.com/ob/build/14254696/,hcwin,beta,5.2.0
cart-20fq3,14254697,7299967,http://p4web.eng.vmware.com/@md=d&cd=//&c=UXC@/7299967?ac=10,https://buildweb.eng.vmware.com/changelog/14254697,https://buildweb.eng.vmware.com/ob/build/14254697/,hcwin,GA,5.2.0
cart-20fq3,14255715,7300139,http://p4web.eng.vmware.com/@md=d&cd=//&c=UXC@/7300139?ac=10,https://buildweb.eng.vmware.com/changelog/14255715,https://buildweb.eng.vmware.com/ob/build/14255715/,hcwin,beta,5.2.0
cart-20fq3,14254695,7299967,http://p4web.eng.vmware.com/@md=d&cd=//&c=UXC@/7299967?ac=10,https://buildweb.eng.vmware.com/changelog/14254695,https://buildweb.eng.vmware.com/ob/build/14254695/,hcwin,beta,5.2.0
cart-20fq3,14251212,7299426,http://p4web.eng.vmware.com/@md=d&cd=//&c=UXC@/7299426?ac=10,https://buildweb.eng.vmware.com/changelog/14251212,https://buildweb.eng.vmware.com/ob/build/14251212/,hcwin,beta,5.2.0
cart-20fq3,14251172,7299426,http://p4web.eng.vmware.com/@md=d&cd=//&c=UXC@/7299426?ac=10,https://buildweb.eng.vmware.com/changelog/14251172,https://buildweb.eng.vmware.com/ob/build/14251172/,hcwin,GA,5.2.0
cart-20fq3,14251178,7299426,http://p4web.eng.vmware.com/@md=d&cd=//&c=UXC@/7299426?ac=10,https://buildweb.eng.vmware.com/changelog/14251178,https://buildweb.eng.vmware.com/ob/build/14251178/,hcwin,beta,5.2.0
cart-20fq3,14247038,7297915,http://p4web.eng.vmware.com/@md=d&cd=//&c=UXC@/7297915?ac=10,https://buildweb.eng.vmware.com/changelog/14247038,https://buildweb.eng.vmware.com/ob/build/14247038/,hcwin,beta,5.2.0
cart-20fq3,14247035,7297915,http://p4web.eng.vmware.com/@md=d&cd=//&c=UXC@/7297915?ac=10,https://buildweb.eng.vmware.com/changelog/14247035,https://buildweb.eng.vmware.com/ob/build/14247035/,hcwin,beta,5.2.0
cart-20fq3,14247029,7297915,http://p4web.eng.vmware.com/@md=d&cd=//&c=UXC@/7297915?ac=10,https://buildweb.eng.vmware.com/changelog/14247029,https://buildweb.eng.vmware.com/ob/build/14247029/,hcwin,GA,5.2.0
cart-20fq3,14243136,7296461,http://p4web.eng.vmware.com/@md=d&cd=//&c=UXC@/7296461?ac=10,https://buildweb.eng.vmware.com/changelog/14243136,https://buildweb.eng.vmware.com/ob/build/14243136/,hcwin,beta,5.2.0
cart-20fq3,14243128,7296461,http://p4web.eng.vmware.com/@md=d&cd=//&c=UXC@/7296461?ac=10,https://buildweb.eng.vmware.com/changelog/14243128,https://buildweb.eng.vmware.com/ob/build/14243128/,hcwin,beta,5.2.0
cart-20fq3,14243108,7296461,http://p4web.eng.vmware.com/@md=d&cd=//&c=UXC@/7296461?ac=10,https://buildweb.eng.vmware.com/changelog/14243108,https://buildweb.eng.vmware.com/ob/build/14243108/,hcwin,GA,5.2.0
cart-20fq3,14239553,7295214,http://p4web.eng.vmware.com/@md=d&cd=//&c=UXC@/7295214?ac=10,https://buildweb.eng.vmware.com/changelog/14239553,https://buildweb.eng.vmware.com/ob/build/14239553/,hcwin,beta,5.2.0
cart-20fq3,14239555,7295214,http://p4web.eng.vmware.com/@md=d&cd=//&c=UXC@/7295214?ac=10,https://buildweb.eng.vmware.com/changelog/14239555,https://buildweb.eng.vmware.com/ob/build/14239555/,hcwin,beta,5.2.0
cart-20fq3,14239538,7295214,http://p4web.eng.vmware.com/@md=d&cd=//&c=UXC@/7295214?ac=10,https://buildweb.eng.vmware.com/changelog/14239538,https://buildweb.eng.vmware.com/ob/build/14239538/,hcwin,GA,5.2.0
cart-20fq3,14239434,7295117,http://p4web.eng.vmware.com/@md=d&cd=//&c=UXC@/7295117?ac=10,https://buildweb.eng.vmware.com/changelog/14239434,https://buildweb.eng.vmware.com/ob/build/14239434/,hcwin,GA,5.2.0
cart-20fq3,14239432,7295117,http://p4web.eng.vmware.com/@md=d&cd=//&c=UXC@/7295117?ac=10,https://buildweb.eng.vmware.com/changelog/14239432,https://buildweb.eng.vmware.com/ob/build/14239432/,hcwin,beta,5.2.0
cart-20fq3,14239424,7295117,http://p4web.eng.vmware.com/@md=d&cd=//&c=UXC@/7295117?ac=10,https://buildweb.eng.vmware.com/changelog/14239424,https://buildweb.eng.vmware.com/ob/build/14239424/,hcwin,beta,5.2.0
cart-20fq3,14235296,7293389,http://p4web.eng.vmware.com/@md=d&cd=//&c=UXC@/7293389?ac=10,https://buildweb.eng.vmware.com/changelog/14235296,https://buildweb.eng.vmware.com/ob/build/14235296/,hcwin,beta,5.2.0
cart-20fq3,14235295,7293389,http://p4web.eng.vmware.com/@md=d&cd=//&c=UXC@/7293389?ac=10,https://buildweb.eng.vmware.com/changelog/14235295,https://buildweb.eng.vmware.com/ob/build/14235295/,hcwin,GA,5.2.0
cart-20fq3,14235276,7293389,http://p4web.eng.vmware.com/@md=d&cd=//&c=UXC@/7293389?ac=10,https://buildweb.eng.vmware.com/changelog/14235276,https://buildweb.eng.vmware.com/ob/build/14235276/,hcwin,beta,5.2.0
cart-20fq3,14233607,7292886,http://p4web.eng.vmware.com/@md=d&cd=//&c=UXC@/7292886?ac=10,https://buildweb.eng.vmware.com/changelog/14233607,https://buildweb.eng.vmware.com/ob/build/14233607/,hcwin,GA,5.2.0
cart-20fq3,14233606,7292886,http://p4web.eng.vmware.com/@md=d&cd=//&c=UXC@/7292886?ac=10,https://buildweb.eng.vmware.com/changelog/14233606,https://buildweb.eng.vmware.com/ob/build/14233606/,hcwin,beta,5.2.0
cart-20fq3,14233605,7292886,http://p4web.eng.vmware.com/@md=d&cd=//&c=UXC@/7292886?ac=10,https://buildweb.eng.vmware.com/changelog/14233605,https://buildweb.eng.vmware.com/ob/build/14233605/,hcwin,beta,5.2.0
cart-20fq3,14232528,7292137,http://p4web.eng.vmware.com/@md=d&cd=//&c=UXC@/7292137?ac=10,https://buildweb.eng.vmware.com/changelog/14232528,https://buildweb.eng.vmware.com/ob/build/14232528/,hcwin,GA,5.2.0
cart-20fq3,14232515,7292137,http://p4web.eng.vmware.com/@md=d&cd=//&c=UXC@/7292137?ac=10,https://buildweb.eng.vmware.com/changelog/14232515,https://buildweb.eng.vmware.com/ob/build/14232515/,hcwin,beta,5.2.0
cart-20fq3,14232513,7292137,http://p4web.eng.vmware.com/@md=d&cd=//&c=UXC@/7292137?ac=10,https://buildweb.eng.vmware.com/changelog/14232513,https://buildweb.eng.vmware.com/ob/build/14232513/,hcwin,beta,5.2.0
cart-20fq3,14229099,7290881,http://p4web.eng.vmware.com/@md=d&cd=//&c=UXC@/7290881?ac=10,https://buildweb.eng.vmware.com/changelog/14229099,https://buildweb.eng.vmware.com/ob/build/14229099/,hcwin,GA,5.2.0
cart-20fq3,14229098,7290881,http://p4web.eng.vmware.com/@md=d&cd=//&c=UXC@/7290881?ac=10,https://buildweb.eng.vmware.com/changelog/14229098,https://buildweb.eng.vmware.com/ob/build/14229098/,hcwin,beta,5.2.0
cart-20fq3,14229097,7290881,http://p4web.eng.vmware.com/@md=d&cd=//&c=UXC@/7290881?ac=10,https://buildweb.eng.vmware.com/changelog/14229097,https://buildweb.eng.vmware.com/ob/build/14229097/,hcwin,beta,5.2.0
cart-20fq3,14228361,7290560,http://p4web.eng.vmware.com/@md=d&cd=//&c=UXC@/7290560?ac=10,https://buildweb.eng.vmware.com/changelog/14228361,https://buildweb.eng.vmware.com/ob/build/14228361/,hcwin,beta,5.2.0
cart-20fq3,14228358,7290560,http://p4web.eng.vmware.com/@md=d&cd=//&c=UXC@/7290560?ac=10,https://buildweb.eng.vmware.com/changelog/14228358,https://buildweb.eng.vmware.com/ob/build/14228358/,hcwin,GA,5.2.0
cart-20fq3,14228328,7290560,http://p4web.eng.vmware.com/@md=d&cd=//&c=UXC@/7290560?ac=10,https://buildweb.eng.vmware.com/changelog/14228328,https://buildweb.eng.vmware.com/ob/build/14228328/,hcwin,beta,5.2.0
cart-20fq3,14224665,7289241,http://p4web.eng.vmware.com/@md=d&cd=//&c=UXC@/7289241?ac=10,https://buildweb.eng.vmware.com/changelog/14224665,https://buildweb.eng.vmware.com/ob/build/14224665/,hcwin,beta,5.2.0
cart-20fq3,14224663,7289241,http://p4web.eng.vmware.com/@md=d&cd=//&c=UXC@/7289241?ac=10,https://buildweb.eng.vmware.com/changelog/14224663,https://buildweb.eng.vmware.com/ob/build/14224663/,hcwin,beta,5.2.0
cart-20fq3,14224655,7289241,http://p4web.eng.vmware.com/@md=d&cd=//&c=UXC@/7289241?ac=10,https://buildweb.eng.vmware.com/changelog/14224655,https://buildweb.eng.vmware.com/ob/build/14224655/,hcwin,GA,5.2.0
cart-20fq3,14220180,7287698,http://p4web.eng.vmware.com/@md=d&cd=//&c=UXC@/7287698?ac=10,https://buildweb.eng.vmware.com/changelog/14220180,https://buildweb.eng.vmware.com/ob/build/14220180/,hcwin,GA,5.2.0
cart-20fq3,14221999,7288351,http://p4web.eng.vmware.com/@md=d&cd=//&c=UXC@/7288351?ac=10,https://buildweb.eng.vmware.com/changelog/14221999,https://buildweb.eng.vmware.com/ob/build/14221999/,hcwin,beta,5.2.0
cart-20fq3,14220164,7287698,http://p4web.eng.vmware.com/@md=d&cd=//&c=UXC@/7287698?ac=10,https://buildweb.eng.vmware.com/changelog/14220164,https://buildweb.eng.vmware.com/ob/build/14220164/,hcwin,beta,5.2.0
cart-20fq3,14220137,7287698,http://p4web.eng.vmware.com/@md=d&cd=//&c=UXC@/7287698?ac=10,https://buildweb.eng.vmware.com/changelog/14220137,https://buildweb.eng.vmware.com/ob/build/14220137/,hcwin,beta,5.2.0
cart-20fq3,14216766,7286396,http://p4web.eng.vmware.com/@md=d&cd=//&c=UXC@/7286396?ac=10,https://buildweb.eng.vmware.com/changelog/14216766,https://buildweb.eng.vmware.com/ob/build/14216766/,hcwin,beta,5.2.0
cart-20fq3,14216759,7286396,http://p4web.eng.vmware.com/@md=d&cd=//&c=UXC@/7286396?ac=10,https://buildweb.eng.vmware.com/changelog/14216759,https://buildweb.eng.vmware.com/ob/build/14216759/,hcwin,beta,5.2.0
cart-20fq3,14216755,7286396,http://p4web.eng.vmware.com/@md=d&cd=//&c=UXC@/7286396?ac=10,https://buildweb.eng.vmware.com/changelog/14216755,https://buildweb.eng.vmware.com/ob/build/14216755/,hcwin,GA,5.2.0
cart-20fq3,14211905,7284985,http://p4web.eng.vmware.com/@md=d&cd=//&c=UXC@/7284985?ac=10,https://buildweb.eng.vmware.com/changelog/14211905,https://buildweb.eng.vmware.com/ob/build/14211905/,hcwin,GA,5.2.0
cart-20fq3,14211884,7284985,http://p4web.eng.vmware.com/@md=d&cd=//&c=UXC@/7284985?ac=10,https://buildweb.eng.vmware.com/changelog/14211884,https://buildweb.eng.vmware.com/ob/build/14211884/,hcwin,beta,5.2.0
cart-20fq3,14211870,7284985,http://p4web.eng.vmware.com/@md=d&cd=//&c=UXC@/7284985?ac=10,https://buildweb.eng.vmware.com/changelog/14211870,https://buildweb.eng.vmware.com/ob/build/14211870/,hcwin,beta,5.2.0
cart-20fq3,14208735,7284369,http://p4web.eng.vmware.com/@md=d&cd=//&c=UXC@/7284369?ac=10,https://buildweb.eng.vmware.com/changelog/14208735,https://buildweb.eng.vmware.com/ob/build/14208735/,hcwin,beta,5.2.0
cart-20fq3,14208729,7284369,http://p4web.eng.vmware.com/@md=d&cd=//&c=UXC@/7284369?ac=10,https://buildweb.eng.vmware.com/changelog/14208729,https://buildweb.eng.vmware.com/ob/build/14208729/,hcwin,beta,5.2.0
cart-20fq3,14208726,7284369,http://p4web.eng.vmware.com/@md=d&cd=//&c=UXC@/7284369?ac=10,https://buildweb.eng.vmware.com/changelog/14208726,https://buildweb.eng.vmware.com/ob/build/14208726/,hcwin,GA,5.2.0
cart-20fq3,14206442,7283676,http://p4web.eng.vmware.com/@md=d&cd=//&c=UXC@/7283676?ac=10,https://buildweb.eng.vmware.com/changelog/14206442,https://buildweb.eng.vmware.com/ob/build/14206442/,hcwin,beta,5.2.0
cart-20fq3,14206458,7283676,http://p4web.eng.vmware.com/@md=d&cd=//&c=UXC@/7283676?ac=10,https://buildweb.eng.vmware.com/changelog/14206458,https://buildweb.eng.vmware.com/ob/build/14206458/,hcwin,GA,5.2.0
cart-20fq3,14206419,7283676,http://p4web.eng.vmware.com/@md=d&cd=//&c=UXC@/7283676?ac=10,https://buildweb.eng.vmware.com/changelog/14206419,https://buildweb.eng.vmware.com/ob/build/14206419/,hcwin,beta,5.2.0
cart-20fq3,14203373,7283028,http://p4web.eng.vmware.com/@md=d&cd=//&c=UXC@/7283028?ac=10,https://buildweb.eng.vmware.com/changelog/14203373,https://buildweb.eng.vmware.com/ob/build/14203373/,hcwin,beta,5.2.0
cart-20fq3,14203369,7283028,http://p4web.eng.vmware.com/@md=d&cd=//&c=UXC@/7283028?ac=10,https://buildweb.eng.vmware.com/changelog/14203369,https://buildweb.eng.vmware.com/ob/build/14203369/,hcwin,beta,5.2.0
cart-20fq3,14203367,7283028,http://p4web.eng.vmware.com/@md=d&cd=//&c=UXC@/7283028?ac=10,https://buildweb.eng.vmware.com/changelog/14203367,https://buildweb.eng.vmware.com/ob/build/14203367/,hcwin,GA,5.2.0
cart-20fq3,14200321,7282349,http://p4web.eng.vmware.com/@md=d&cd=//&c=UXC@/7282349?ac=10,https://buildweb.eng.vmware.com/changelog/14200321,https://buildweb.eng.vmware.com/ob/build/14200321/,hcwin,GA,5.2.0
cart-20fq3,14200307,7282349,http://p4web.eng.vmware.com/@md=d&cd=//&c=UXC@/7282349?ac=10,https://buildweb.eng.vmware.com/changelog/14200307,https://buildweb.eng.vmware.com/ob/build/14200307/,hcwin,beta,5.2.0
cart-20fq3,14200297,7282349,http://p4web.eng.vmware.com/@md=d&cd=//&c=UXC@/7282349?ac=10,https://buildweb.eng.vmware.com/changelog/14200297,https://buildweb.eng.vmware.com/ob/build/14200297/,hcwin,beta,5.2.0
cart-20fq3,14198653,7281955,http://p4web.eng.vmware.com/@md=d&cd=//&c=UXC@/7281955?ac=10,https://buildweb.eng.vmware.com/changelog/14198653,https://buildweb.eng.vmware.com/ob/build/14198653/,hcwin,GA,5.2.0
cart-20fq3,14196168,7281018,http://p4web.eng.vmware.com/@md=d&cd=//&c=UXC@/7281018?ac=10,https://buildweb.eng.vmware.com/changelog/14196168,https://buildweb.eng.vmware.com/ob/build/14196168/,hcwin,beta,5.2.0
cart-20fq3,14196157,7281018,http://p4web.eng.vmware.com/@md=d&cd=//&c=UXC@/7281018?ac=10,https://buildweb.eng.vmware.com/changelog/14196157,https://buildweb.eng.vmware.com/ob/build/14196157/,hcwin,beta,5.2.0
cart-20fq3,14196161,7281018,http://p4web.eng.vmware.com/@md=d&cd=//&c=UXC@/7281018?ac=10,https://buildweb.eng.vmware.com/changelog/14196161,https://buildweb.eng.vmware.com/ob/build/14196161/,hcwin,GA,5.2.0
cart-20fq3,14191716,7279345,http://p4web.eng.vmware.com/@md=d&cd=//&c=UXC@/7279345?ac=10,https://buildweb.eng.vmware.com/changelog/14191716,https://buildweb.eng.vmware.com/ob/build/14191716/,hcwin,beta,5.2.0
cart-20fq3,14191709,7279345,http://p4web.eng.vmware.com/@md=d&cd=//&c=UXC@/7279345?ac=10,https://buildweb.eng.vmware.com/changelog/14191709,https://buildweb.eng.vmware.com/ob/build/14191709/,hcwin,GA,5.2.0
cart-20fq3,14191702,7279345,http://p4web.eng.vmware.com/@md=d&cd=//&c=UXC@/7279345?ac=10,https://buildweb.eng.vmware.com/changelog/14191702,https://buildweb.eng.vmware.com/ob/build/14191702/,hcwin,beta,5.2.0
cart-20fq3,14187080,7277997,http://p4web.eng.vmware.com/@md=d&cd=//&c=UXC@/7277997?ac=10,https://buildweb.eng.vmware.com/changelog/14187080,https://buildweb.eng.vmware.com/ob/build/14187080/,hcwin,beta,5.2.0
cart-20fq3,14187071,7277997,http://p4web.eng.vmware.com/@md=d&cd=//&c=UXC@/7277997?ac=10,https://buildweb.eng.vmware.com/changelog/14187071,https://buildweb.eng.vmware.com/ob/build/14187071/,hcwin,GA,5.2.0
cart-20fq3,14187076,7277997,http://p4web.eng.vmware.com/@md=d&cd=//&c=UXC@/7277997?ac=10,https://buildweb.eng.vmware.com/changelog/14187076,https://buildweb.eng.vmware.com/ob/build/14187076/,hcwin,beta,5.2.0
cart-20fq3,14182402,7276301,http://p4web.eng.vmware.com/@md=d&cd=//&c=UXC@/7276301?ac=10,https://buildweb.eng.vmware.com/changelog/14182402,https://buildweb.eng.vmware.com/ob/build/14182402/,hcwin,beta,5.2.0
cart-20fq3,14182401,7276301,http://p4web.eng.vmware.com/@md=d&cd=//&c=UXC@/7276301?ac=10,https://buildweb.eng.vmware.com/changelog/14182401,https://buildweb.eng.vmware.com/ob/build/14182401/,hcwin,GA,5.2.0
cart-20fq3,14182376,7276301,http://p4web.eng.vmware.com/@md=d&cd=//&c=UXC@/7276301?ac=10,https://buildweb.eng.vmware.com/changelog/14182376,https://buildweb.eng.vmware.com/ob/build/14182376/,hcwin,beta,5.2.0
cart-20fq3,14178227,7274852,http://p4web.eng.vmware.com/@md=d&cd=//&c=UXC@/7274852?ac=10,https://buildweb.eng.vmware.com/changelog/14178227,https://buildweb.eng.vmware.com/ob/build/14178227/,hcwin,GA,5.2.0
cart-20fq3,14178223,7274852,http://p4web.eng.vmware.com/@md=d&cd=//&c=UXC@/7274852?ac=10,https://buildweb.eng.vmware.com/changelog/14178223,https://buildweb.eng.vmware.com/ob/build/14178223/,hcwin,beta,5.2.0
cart-20fq3,14175780,7273714,http://p4web.eng.vmware.com/@md=d&cd=//&c=UXC@/7273714?ac=10,https://buildweb.eng.vmware.com/changelog/14175780,https://buildweb.eng.vmware.com/ob/build/14175780/,hcwin,beta,5.2.0
cart-20fq3,14178218,7274852,http://p4web.eng.vmware.com/@md=d&cd=//&c=UXC@/7274852?ac=10,https://buildweb.eng.vmware.com/changelog/14178218,https://buildweb.eng.vmware.com/ob/build/14178218/,hcwin,beta,5.2.0
cart-20fq3,14175781,7273867,http://p4web.eng.vmware.com/@md=d&cd=//&c=UXC@/7273867?ac=10,https://buildweb.eng.vmware.com/changelog/14175781,https://buildweb.eng.vmware.com/ob/build/14175781/,hcwin,GA,5.2.0
cart-20fq3,14175779,7273714,http://p4web.eng.vmware.com/@md=d&cd=//&c=UXC@/7273714?ac=10,https://buildweb.eng.vmware.com/changelog/14175779,https://buildweb.eng.vmware.com/ob/build/14175779/,hcwin,beta,5.2.0
cart-20fq3,14174797,7273303,http://p4web.eng.vmware.com/@md=d&cd=//&c=UXC@/7273303?ac=10,https://buildweb.eng.vmware.com/changelog/14174797,https://buildweb.eng.vmware.com/ob/build/14174797/,hcwin,beta,5.2.0
cart-20fq3,14174778,7273296,http://p4web.eng.vmware.com/@md=d&cd=//&c=UXC@/7273296?ac=10,https://buildweb.eng.vmware.com/changelog/14174778,https://buildweb.eng.vmware.com/ob/build/14174778/,hcwin,beta,5.2.0
cart-20fq3,14174776,7273296,http://p4web.eng.vmware.com/@md=d&cd=//&c=UXC@/7273296?ac=10,https://buildweb.eng.vmware.com/changelog/14174776,https://buildweb.eng.vmware.com/ob/build/14174776/,hcwin,GA,5.2.0
cart-20fq3,14171070,7272065,http://p4web.eng.vmware.com/@md=d&cd=//&c=UXC@/7272065?ac=10,https://buildweb.eng.vmware.com/changelog/14171070,https://buildweb.eng.vmware.com/ob/build/14171070/,hcwin,beta,5.2.0
cart-20fq3,14171065,7272065,http://p4web.eng.vmware.com/@md=d&cd=//&c=UXC@/7272065?ac=10,https://buildweb.eng.vmware.com/changelog/14171065,https://buildweb.eng.vmware.com/ob/build/14171065/,hcwin,beta,5.2.0
cart-20fq3,14171055,7272065,http://p4web.eng.vmware.com/@md=d&cd=//&c=UXC@/7272065?ac=10,https://buildweb.eng.vmware.com/changelog/14171055,https://buildweb.eng.vmware.com/ob/build/14171055/,hcwin,GA,5.2.0
cart-20fq3,14170251,7271779,http://p4web.eng.vmware.com/@md=d&cd=//&c=UXC@/7271779?ac=10,https://buildweb.eng.vmware.com/changelog/14170251,https://buildweb.eng.vmware.com/ob/build/14170251/,hcwin,beta,5.2.0
cart-20fq3,14167409,7270487,http://p4web.eng.vmware.com/@md=d&cd=//&c=UXC@/7270487?ac=10,https://buildweb.eng.vmware.com/changelog/14167409,https://buildweb.eng.vmware.com/ob/build/14167409/,hcwin,beta,5.2.0
cart-20fq3,14167860,7270714,http://p4web.eng.vmware.com/@md=d&cd=//&c=UXC@/7270714?ac=10,https://buildweb.eng.vmware.com/changelog/14167860,https://buildweb.eng.vmware.com/ob/build/14167860/,hcwin,beta,5.2.0
cart-20fq3,14167397,7270487,http://p4web.eng.vmware.com/@md=d&cd=//&c=UXC@/7270487?ac=10,https://buildweb.eng.vmware.com/changelog/14167397,https://buildweb.eng.vmware.com/ob/build/14167397/,hcwin,beta,5.2.0
cart-20fq3,14167387,7270487,http://p4web.eng.vmware.com/@md=d&cd=//&c=UXC@/7270487?ac=10,https://buildweb.eng.vmware.com/changelog/14167387,https://buildweb.eng.vmware.com/ob/build/14167387/,hcwin,GA,5.2.0
cart-20fq3,14162929,7269091,http://p4web.eng.vmware.com/@md=d&cd=//&c=UXC@/7269091?ac=10,https://buildweb.eng.vmware.com/changelog/14162929,https://buildweb.eng.vmware.com/ob/build/14162929/,hcwin,GA,5.2.0
cart-20fq3,14162916,7269091,http://p4web.eng.vmware.com/@md=d&cd=//&c=UXC@/7269091?ac=10,https://buildweb.eng.vmware.com/changelog/14162916,https://buildweb.eng.vmware.com/ob/build/14162916/,hcwin,beta,5.2.0
cart-20fq3,14161617,7268726,http://p4web.eng.vmware.com/@md=d&cd=//&c=UXC@/7268726?ac=10,https://buildweb.eng.vmware.com/changelog/14161617,https://buildweb.eng.vmware.com/ob/build/14161617/,hcwin,beta,5.2.0
cart-20fq3,14162926,7269091,http://p4web.eng.vmware.com/@md=d&cd=//&c=UXC@/7269091?ac=10,https://buildweb.eng.vmware.com/changelog/14162926,https://buildweb.eng.vmware.com/ob/build/14162926/,hcwin,beta,5.2.0
cart-20fq3,14159816,7267779,http://p4web.eng.vmware.com/@md=d&cd=//&c=UXC@/7267779?ac=10,https://buildweb.eng.vmware.com/changelog/14159816,https://buildweb.eng.vmware.com/ob/build/14159816/,hcwin,beta,5.2.0
cart-20fq3,14159789,7267779,http://p4web.eng.vmware.com/@md=d&cd=//&c=UXC@/7267779?ac=10,https://buildweb.eng.vmware.com/changelog/14159789,https://buildweb.eng.vmware.com/ob/build/14159789/,hcwin,beta,5.2.0
cart-20fq3,14159787,7267779,http://p4web.eng.vmware.com/@md=d&cd=//&c=UXC@/7267779?ac=10,https://buildweb.eng.vmware.com/changelog/14159787,https://buildweb.eng.vmware.com/ob/build/14159787/,hcwin,GA,5.2.0
cart-20fq3,14157648,7266527,http://p4web.eng.vmware.com/@md=d&cd=//&c=UXC@/7266527?ac=10,https://buildweb.eng.vmware.com/changelog/14157648,https://buildweb.eng.vmware.com/ob/build/14157648/,hcwin,beta,5.2.0
cart-20fq3,14157646,7266527,http://p4web.eng.vmware.com/@md=d&cd=//&c=UXC@/7266527?ac=10,https://buildweb.eng.vmware.com/changelog/14157646,https://buildweb.eng.vmware.com/ob/build/14157646/,hcwin,GA,5.2.0
cart-20fq3,14157635,7266527,http://p4web.eng.vmware.com/@md=d&cd=//&c=UXC@/7266527?ac=10,https://buildweb.eng.vmware.com/changelog/14157635,https://buildweb.eng.vmware.com/ob/build/14157635/,hcwin,beta,5.2.0
cart-20fq3,14155761,7266317,http://p4web.eng.vmware.com/@md=d&cd=//&c=UXC@/7266317?ac=10,https://buildweb.eng.vmware.com/changelog/14155761,https://buildweb.eng.vmware.com/ob/build/14155761/,hcwin,GA,5.2.0
cart-20fq3,14155740,7266317,http://p4web.eng.vmware.com/@md=d&cd=//&c=UXC@/7266317?ac=10,https://buildweb.eng.vmware.com/changelog/14155740,https://buildweb.eng.vmware.com/ob/build/14155740/,hcwin,beta,5.2.0
cart-20fq3,14155739,7266317,http://p4web.eng.vmware.com/@md=d&cd=//&c=UXC@/7266317?ac=10,https://buildweb.eng.vmware.com/changelog/14155739,https://buildweb.eng.vmware.com/ob/build/14155739/,hcwin,beta,5.2.0
cart-20fq3,14152827,7265607,http://p4web.eng.vmware.com/@md=d&cd=//&c=UXC@/7265607?ac=10,https://buildweb.eng.vmware.com/changelog/14152827,https://buildweb.eng.vmware.com/ob/build/14152827/,hcwin,GA,5.2.0
cart-20fq3,14152825,7265607,http://p4web.eng.vmware.com/@md=d&cd=//&c=UXC@/7265607?ac=10,https://buildweb.eng.vmware.com/changelog/14152825,https://buildweb.eng.vmware.com/ob/build/14152825/,hcwin,beta,5.2.0
cart-20fq3,14152816,7265607,http://p4web.eng.vmware.com/@md=d&cd=//&c=UXC@/7265607?ac=10,https://buildweb.eng.vmware.com/changelog/14152816,https://buildweb.eng.vmware.com/ob/build/14152816/,hcwin,beta,5.2.0
cart-20fq3,14150346,7264749,http://p4web.eng.vmware.com/@md=d&cd=//&c=UXC@/7264749?ac=10,https://buildweb.eng.vmware.com/changelog/14150346,https://buildweb.eng.vmware.com/ob/build/14150346/,hcwin,GA,5.2.0
cart-20fq3,14150320,7264749,http://p4web.eng.vmware.com/@md=d&cd=//&c=UXC@/7264749?ac=10,https://buildweb.eng.vmware.com/changelog/14150320,https://buildweb.eng.vmware.com/ob/build/14150320/,hcwin,beta,5.2.0
cart-20fq3,14150302,7264749,http://p4web.eng.vmware.com/@md=d&cd=//&c=UXC@/7264749?ac=10,https://buildweb.eng.vmware.com/changelog/14150302,https://buildweb.eng.vmware.com/ob/build/14150302/,hcwin,beta,5.2.0
cart-20fq3,14145043,7263436,http://p4web.eng.vmware.com/@md=d&cd=//&c=UXC@/7263436?ac=10,https://buildweb.eng.vmware.com/changelog/14145043,https://buildweb.eng.vmware.com/ob/build/14145043/,hcwin,beta,5.2.0
cart-20fq3,14145033,7263436,http://p4web.eng.vmware.com/@md=d&cd=//&c=UXC@/7263436?ac=10,https://buildweb.eng.vmware.com/changelog/14145033,https://buildweb.eng.vmware.com/ob/build/14145033/,hcwin,beta,5.2.0
cart-20fq3,14145029,7263436,http://p4web.eng.vmware.com/@md=d&cd=//&c=UXC@/7263436?ac=10,https://buildweb.eng.vmware.com/changelog/14145029,https://buildweb.eng.vmware.com/ob/build/14145029/,hcwin,GA,5.2.0
cart-20fq3,14141338,7261778,http://p4web.eng.vmware.com/@md=d&cd=//&c=UXC@/7261778?ac=10,https://buildweb.eng.vmware.com/changelog/14141338,https://buildweb.eng.vmware.com/ob/build/14141338/,hcwin,beta,5.2.0
cart-20fq3,14140908,7261778,http://p4web.eng.vmware.com/@md=d&cd=//&c=UXC@/7261778?ac=10,https://buildweb.eng.vmware.com/changelog/14140908,https://buildweb.eng.vmware.com/ob/build/14140908/,hcwin,beta,5.2.0
cart-20fq3,14140920,7261778,http://p4web.eng.vmware.com/@md=d&cd=//&c=UXC@/7261778?ac=10,https://buildweb.eng.vmware.com/changelog/14140920,https://buildweb.eng.vmware.com/ob/build/14140920/,hcwin,GA,5.2.0
cart-20fq3,14140829,7261758,http://p4web.eng.vmware.com/@md=d&cd=//&c=UXC@/7261758?ac=10,https://buildweb.eng.vmware.com/changelog/14140829,https://buildweb.eng.vmware.com/ob/build/14140829/,hcwin,beta,5.2.0
cart-20fq3,14140787,7261758,http://p4web.eng.vmware.com/@md=d&cd=//&c=UXC@/7261758?ac=10,https://buildweb.eng.vmware.com/changelog/14140787,https://buildweb.eng.vmware.com/ob/build/14140787/,hcwin,beta,5.2.0
cart-20fq3,14140785,7261758,http://p4web.eng.vmware.com/@md=d&cd=//&c=UXC@/7261758?ac=10,https://buildweb.eng.vmware.com/changelog/14140785,https://buildweb.eng.vmware.com/ob/build/14140785/,hcwin,GA,5.2.0
cart-20fq3,14140754,7261739,http://p4web.eng.vmware.com/@md=d&cd=//&c=UXC@/7261739?ac=10,https://buildweb.eng.vmware.com/changelog/14140754,https://buildweb.eng.vmware.com/ob/build/14140754/,hcwin,beta,5.2.0
cart-20fq3,14139149,7261279,http://p4web.eng.vmware.com/@md=d&cd=//&c=UXC@/7261279?ac=10,https://buildweb.eng.vmware.com/changelog/14139149,https://buildweb.eng.vmware.com/ob/build/14139149/,hcwin,GA,5.2.0
cart-20fq3,14139148,7261279,http://p4web.eng.vmware.com/@md=d&cd=//&c=UXC@/7261279?ac=10,https://buildweb.eng.vmware.com/changelog/14139148,https://buildweb.eng.vmware.com/ob/build/14139148/,hcwin,beta,5.2.0
cart-20fq3,14136557,7260321,http://p4web.eng.vmware.com/@md=d&cd=//&c=UXC@/7260321?ac=10,https://buildweb.eng.vmware.com/changelog/14136557,https://buildweb.eng.vmware.com/ob/build/14136557/,hcwin,beta,5.2.0
cart-20fq3,14139147,7261279,http://p4web.eng.vmware.com/@md=d&cd=//&c=UXC@/7261279?ac=10,https://buildweb.eng.vmware.com/changelog/14139147,https://buildweb.eng.vmware.com/ob/build/14139147/,hcwin,beta,5.2.0
cart-20fq3,14136555,7260321,http://p4web.eng.vmware.com/@md=d&cd=//&c=UXC@/7260321?ac=10,https://buildweb.eng.vmware.com/changelog/14136555,https://buildweb.eng.vmware.com/ob/build/14136555/,hcwin,beta,5.2.0
cart-20fq3,14136551,7260321,http://p4web.eng.vmware.com/@md=d&cd=//&c=UXC@/7260321?ac=10,https://buildweb.eng.vmware.com/changelog/14136551,https://buildweb.eng.vmware.com/ob/build/14136551/,hcwin,GA,5.2.0
cart-20fq3,14136143,7259936,http://p4web.eng.vmware.com/@md=d&cd=//&c=UXC@/7259936?ac=10,https://buildweb.eng.vmware.com/changelog/14136143,https://buildweb.eng.vmware.com/ob/build/14136143/,hcwin,GA,5.2.0
cart-20fq3,14136142,7259936,http://p4web.eng.vmware.com/@md=d&cd=//&c=UXC@/7259936?ac=10,https://buildweb.eng.vmware.com/changelog/14136142,https://buildweb.eng.vmware.com/ob/build/14136142/,hcwin,beta,5.2.0
cart-20fq3,14136141,7259936,http://p4web.eng.vmware.com/@md=d&cd=//&c=UXC@/7259936?ac=10,https://buildweb.eng.vmware.com/changelog/14136141,https://buildweb.eng.vmware.com/ob/build/14136141/,hcwin,beta,5.2.0
cart-20fq3,14132876,7258736,http://p4web.eng.vmware.com/@md=d&cd=//&c=UXC@/7258736?ac=10,https://buildweb.eng.vmware.com/changelog/14132876,https://buildweb.eng.vmware.com/ob/build/14132876/,hcwin,beta,5.2.0
cart-20fq3,14132519,7258567,http://p4web.eng.vmware.com/@md=d&cd=//&c=UXC@/7258567?ac=10,https://buildweb.eng.vmware.com/changelog/14132519,https://buildweb.eng.vmware.com/ob/build/14132519/,hcwin,GA,5.2.0
cart-20fq3,14132518,7258567,http://p4web.eng.vmware.com/@md=d&cd=//&c=UXC@/7258567?ac=10,https://buildweb.eng.vmware.com/changelog/14132518,https://buildweb.eng.vmware.com/ob/build/14132518/,hcwin,beta,5.2.0
cart-20fq3,14132517,7258567,http://p4web.eng.vmware.com/@md=d&cd=//&c=UXC@/7258567?ac=10,https://buildweb.eng.vmware.com/changelog/14132517,https://buildweb.eng.vmware.com/ob/build/14132517/,hcwin,beta,5.2.0
cart-20fq3,14132472,7258488,http://p4web.eng.vmware.com/@md=d&cd=//&c=UXC@/7258488?ac=10,https://buildweb.eng.vmware.com/changelog/14132472,https://buildweb.eng.vmware.com/ob/build/14132472/,hcwin,beta,5.2.0
cart-20fq3,14132454,7258488,http://p4web.eng.vmware.com/@md=d&cd=//&c=UXC@/7258488?ac=10,https://buildweb.eng.vmware.com/changelog/14132454,https://buildweb.eng.vmware.com/ob/build/14132454/,hcwin,beta,5.2.0
cart-20fq3,14132447,7258488,http://p4web.eng.vmware.com/@md=d&cd=//&c=UXC@/7258488?ac=10,https://buildweb.eng.vmware.com/changelog/14132447,https://buildweb.eng.vmware.com/ob/build/14132447/,hcwin,GA,5.2.0
cart-20fq3,14126709,7256986,http://p4web.eng.vmware.com/@md=d&cd=//&c=UXC@/7256986?ac=10,https://buildweb.eng.vmware.com/changelog/14126709,https://buildweb.eng.vmware.com/ob/build/14126709/,hcwin,GA,5.2.0
cart-20fq3,14126707,7256986,http://p4web.eng.vmware.com/@md=d&cd=//&c=UXC@/7256986?ac=10,https://buildweb.eng.vmware.com/changelog/14126707,https://buildweb.eng.vmware.com/ob/build/14126707/,hcwin,beta,5.2.0
cart-20fq3,14126705,7256986,http://p4web.eng.vmware.com/@md=d&cd=//&c=UXC@/7256986?ac=10,https://buildweb.eng.vmware.com/changelog/14126705,https://buildweb.eng.vmware.com/ob/build/14126705/,hcwin,beta,5.2.0
cart-20fq3,14123821,7256166,http://p4web.eng.vmware.com/@md=d&cd=//&c=UXC@/7256166?ac=10,https://buildweb.eng.vmware.com/changelog/14123821,https://buildweb.eng.vmware.com/ob/build/14123821/,hcwin,beta,5.2.0
cart-20fq3,14121040,7255409,http://p4web.eng.vmware.com/@md=d&cd=//&c=UXC@/7255409?ac=10,https://buildweb.eng.vmware.com/changelog/14121040,https://buildweb.eng.vmware.com/ob/build/14121040/,hcwin,beta,5.2.0
cart-20fq3,14121038,7255409,http://p4web.eng.vmware.com/@md=d&cd=//&c=UXC@/7255409?ac=10,https://buildweb.eng.vmware.com/changelog/14121038,https://buildweb.eng.vmware.com/ob/build/14121038/,hcwin,GA,5.2.0
cart-20fq3,14121039,7255409,http://p4web.eng.vmware.com/@md=d&cd=//&c=UXC@/7255409?ac=10,https://buildweb.eng.vmware.com/changelog/14121039,https://buildweb.eng.vmware.com/ob/build/14121039/,hcwin,beta,5.2.0
cart-20fq3,14117552,7253978,http://p4web.eng.vmware.com/@md=d&cd=//&c=UXC@/7253978?ac=10,https://buildweb.eng.vmware.com/changelog/14117552,https://buildweb.eng.vmware.com/ob/build/14117552/,hcwin,beta,5.2.0
cart-20fq3,14117543,7253978,http://p4web.eng.vmware.com/@md=d&cd=//&c=UXC@/7253978?ac=10,https://buildweb.eng.vmware.com/changelog/14117543,https://buildweb.eng.vmware.com/ob/build/14117543/,hcwin,beta,5.2.0
cart-20fq3,14117542,7253978,http://p4web.eng.vmware.com/@md=d&cd=//&c=UXC@/7253978?ac=10,https://buildweb.eng.vmware.com/changelog/14117542,https://buildweb.eng.vmware.com/ob/build/14117542/,hcwin,GA,5.2.0
cart-20fq3,14114655,7252671,http://p4web.eng.vmware.com/@md=d&cd=//&c=UXC@/7252671?ac=10,https://buildweb.eng.vmware.com/changelog/14114655,https://buildweb.eng.vmware.com/ob/build/14114655/,hcwin,GA,5.2.0
cart-20fq3,14114654,7252671,http://p4web.eng.vmware.com/@md=d&cd=//&c=UXC@/7252671?ac=10,https://buildweb.eng.vmware.com/changelog/14114654,https://buildweb.eng.vmware.com/ob/build/14114654/,hcwin,beta,5.2.0
cart-20fq3,14114653,7252671,http://p4web.eng.vmware.com/@md=d&cd=//&c=UXC@/7252671?ac=10,https://buildweb.eng.vmware.com/changelog/14114653,https://buildweb.eng.vmware.com/ob/build/14114653/,hcwin,beta,5.2.0
cart-20fq3,14112956,7252224,http://p4web.eng.vmware.com/@md=d&cd=//&c=UXC@/7252224?ac=10,https://buildweb.eng.vmware.com/changelog/14112956,https://buildweb.eng.vmware.com/ob/build/14112956/,hcwin,GA,5.1.0
cart-20fq3,14112944,7252224,http://p4web.eng.vmware.com/@md=d&cd=//&c=UXC@/7252224?ac=10,https://buildweb.eng.vmware.com/changelog/14112944,https://buildweb.eng.vmware.com/ob/build/14112944/,hcwin,beta,5.1.0
cart-20fq3,14112931,7252224,http://p4web.eng.vmware.com/@md=d&cd=//&c=UXC@/7252224?ac=10,https://buildweb.eng.vmware.com/changelog/14112931,https://buildweb.eng.vmware.com/ob/build/14112931/,hcwin,beta,5.1.0
cart-20fq3,14108090,7250868,http://p4web.eng.vmware.com/@md=d&cd=//&c=UXC@/7250868?ac=10,https://buildweb.eng.vmware.com/changelog/14108090,https://buildweb.eng.vmware.com/ob/build/14108090/,hcwin,beta,5.1.0
cart-20fq3,14108082,7250868,http://p4web.eng.vmware.com/@md=d&cd=//&c=UXC@/7250868?ac=10,https://buildweb.eng.vmware.com/changelog/14108082,https://buildweb.eng.vmware.com/ob/build/14108082/,hcwin,beta,5.1.0
cart-20fq3,14108077,7250856,http://p4web.eng.vmware.com/@md=d&cd=//&c=UXC@/7250856?ac=10,https://buildweb.eng.vmware.com/changelog/14108077,https://buildweb.eng.vmware.com/ob/build/14108077/,hcwin,GA,5.1.0
cart-20fq3,14107004,7250292,http://p4web.eng.vmware.com/@md=d&cd=//&c=UXC@/7250292?ac=10,https://buildweb.eng.vmware.com/changelog/14107004,https://buildweb.eng.vmware.com/ob/build/14107004/,hcwin,GA,5.1.0
cart-20fq3,14097822,7247822,http://p4web.eng.vmware.com/@md=d&cd=//&c=UXC@/7247822?ac=10,https://buildweb.eng.vmware.com/changelog/14097822,https://buildweb.eng.vmware.com/ob/build/14097822/,hcwin,beta,5.1.0
cart-20fq3,14077688,7241314,http://p4web.eng.vmware.com/@md=d&cd=//&c=UXC@/7241314?ac=10,https://buildweb.eng.vmware.com/changelog/14077688,https://buildweb.eng.vmware.com/ob/build/14077688/,hcwin,GA,5.1.0
cart-20fq3,14081622,7242655,http://p4web.eng.vmware.com/@md=d&cd=//&c=UXC@/7242655?ac=10,https://buildweb.eng.vmware.com/changelog/14081622,https://buildweb.eng.vmware.com/ob/build/14081622/,hcwin,beta,5.1.0
cart-20fq3,14077684,7241314,http://p4web.eng.vmware.com/@md=d&cd=//&c=UXC@/7241314?ac=10,https://buildweb.eng.vmware.com/changelog/14077684,https://buildweb.eng.vmware.com/ob/build/14077684/,hcwin,beta,5.1.0
cart-20fq3,14077682,7241314,http://p4web.eng.vmware.com/@md=d&cd=//&c=UXC@/7241314?ac=10,https://buildweb.eng.vmware.com/changelog/14077682,https://buildweb.eng.vmware.com/ob/build/14077682/,hcwin,beta,5.1.0
cart-20fq3,14073779,7239375,http://p4web.eng.vmware.com/@md=d&cd=//&c=UXC@/7239375?ac=10,https://buildweb.eng.vmware.com/changelog/14073779,https://buildweb.eng.vmware.com/ob/build/14073779/,hcwin,beta,5.1.0
cart-20fq3,14073776,7239375,http://p4web.eng.vmware.com/@md=d&cd=//&c=UXC@/7239375?ac=10,https://buildweb.eng.vmware.com/changelog/14073776,https://buildweb.eng.vmware.com/ob/build/14073776/,hcwin,GA,5.1.0
cart-20fq3,14073773,7239375,http://p4web.eng.vmware.com/@md=d&cd=//&c=UXC@/7239375?ac=10,https://buildweb.eng.vmware.com/changelog/14073773,https://buildweb.eng.vmware.com/ob/build/14073773/,hcwin,beta,5.1.0
cart-20fq3,14070275,7237785,http://p4web.eng.vmware.com/@md=d&cd=//&c=UXC@/7237785?ac=10,https://buildweb.eng.vmware.com/changelog/14070275,https://buildweb.eng.vmware.com/ob/build/14070275/,hcwin,GA,5.1.0
cart-20fq3,14070273,7237785,http://p4web.eng.vmware.com/@md=d&cd=//&c=UXC@/7237785?ac=10,https://buildweb.eng.vmware.com/changelog/14070273,https://buildweb.eng.vmware.com/ob/build/14070273/,hcwin,beta,5.1.0
cart-20fq3,14070263,7237785,http://p4web.eng.vmware.com/@md=d&cd=//&c=UXC@/7237785?ac=10,https://buildweb.eng.vmware.com/changelog/14070263,https://buildweb.eng.vmware.com/ob/build/14070263/,hcwin,beta,5.1.0
cart-20fq3,14065331,7236031,http://p4web.eng.vmware.com/@md=d&cd=//&c=UXC@/7236031?ac=10,https://buildweb.eng.vmware.com/changelog/14065331,https://buildweb.eng.vmware.com/ob/build/14065331/,hcwin,beta,5.1.0
cart-20fq3,14065329,7236031,http://p4web.eng.vmware.com/@md=d&cd=//&c=UXC@/7236031?ac=10,https://buildweb.eng.vmware.com/changelog/14065329,https://buildweb.eng.vmware.com/ob/build/14065329/,hcwin,beta,5.1.0
cart-20fq3,14065289,7236031,http://p4web.eng.vmware.com/@md=d&cd=//&c=UXC@/7236031?ac=10,https://buildweb.eng.vmware.com/changelog/14065289,https://buildweb.eng.vmware.com/ob/build/14065289/,hcwin,GA,5.1.0
cart-20fq3,14056718,7232516,http://p4web.eng.vmware.com/@md=d&cd=//&c=UXC@/7232516?ac=10,https://buildweb.eng.vmware.com/changelog/14056718,https://buildweb.eng.vmware.com/ob/build/14056718/,hcwin,GA,5.1.0
cart-20fq3,14056717,7232516,http://p4web.eng.vmware.com/@md=d&cd=//&c=UXC@/7232516?ac=10,https://buildweb.eng.vmware.com/changelog/14056717,https://buildweb.eng.vmware.com/ob/build/14056717/,hcwin,beta,5.1.0
cart-20fq3,14056716,7232516,http://p4web.eng.vmware.com/@md=d&cd=//&c=UXC@/7232516?ac=10,https://buildweb.eng.vmware.com/changelog/14056716,https://buildweb.eng.vmware.com/ob/build/14056716/,hcwin,beta,5.1.0
